Price,Location,Spare,Length,Width,Direction,Amenities
750 triệu,"Quốc lộ 22, Thị trấn Trảng Bàng, Huyện Trảng Bàng, Tây Ninh",150 m²,30 m,5 m,--,1
600 triệu,"Quốc Lô 22, Thị trấn Bến Cầu, Huyện Bến Cầu, Tây Ninh",150 m²,5 m,30 m,--,1
750 triệu,"Quốc lộ 22, Thị trấn Gò Dầu, Huyện Gò Dầu, Tây Ninh",150 m²,5 m,30 m,Tây,1
5.44 tỷ,"Quốc lộ 51, Phường Phú Mỹ, Thị xã Phú Mỹ, Bà Rịa - Vũng Tàu",170 m²,116 m,5 m,Đ.Nam,1
2.66 tỷ,"Lý Thái Tổ, Xã Lộc Tân, Huyện Bảo Lâm, Lâm Đồng","1,110 m²",16 m,70 m,--,1
3.25 tỷ,"Xã Hưng Thi, Huyện Lạc Thủy, Hoà Bình",812 m²,--,--,--,0
10 tỷ,"Xã Hưng Thi, Huyện Lạc Thủy, Hoà Bình",250 m²,--,--,--,0
10 tỷ,"Xã Đa Phúc, Huyện Yên Thủy, Hoà Bình",674 m²,--,--,--,0
1.5 tỷ,"Yên Thủy, Thị trấn Hàng Trạm, Huyện Yên Thủy, Hoà Bình",959 m²,--,--,--,0
700 triệu,"Đa Phúc, Xã Đa Phúc, Huyện Yên Thủy, Hoà Bình",698 m²,--,--,--,0
820 triệu,"Gò Cáo, Xã Thủy Xuân Tiên, Huyện Chương Mỹ, Hà Nội",60 m²,--,--,--,1
1.5 tỷ,"Thôn Tân Xương, Xã Suối Cát, Huyện Cam Lâm, Khánh Hòa",234 m²,32 m,8 m,Đ.Nam,1
1.3 tỷ,"QL 1A, Xã Bình Tân, Huyện Bắc Bình, Bình Thuận","9,600 m²",100 m,95.99 m,--,1
3.45 tỷ,"Đường số 6, Phường Bình Trị Đông B, Quận Bình Tân, Hồ Chí Minh",54 m²,4 m,15 m,--,1
132 triệu,"DT 716, Xã Hồng Thái, Huyện Bắc Bình, Bình Thuận","7,916 m²",--,--,--,1
1.52 tỷ,"ĐT 716, Xã Hồng Thái, Huyện Bắc Bình, Bình Thuận","7,790 m²",80 m,79 m,--,1
907 triệu,"Âu Cơ, Xã Tân Lạc, Huyện Bảo Lâm, Lâm Đồng",165 m²,33 m,5 m,--,1
1.3 tỷ,"ĐT 716, Xã Hồng Thái, Huyện Bắc Bình, Bình Thuận","11,484 m²",30 m,20 m,--,1
549 triệu,"Xã Vinh Hà, Huyện Phú Vang, Thừa Thiên Huế",130 m²,21 m,6.2 m,T.Bắc,1
680 triệu,"Ấp Tân Hoà, Xã Tân Bình, Tp. Tây Ninh, Tây Ninh",150 m²,5 m,20 m,--,1
880 triệu,"Đường Quốc Lộ 1A, Xã Hồng Thái, Huyện Bắc Bình, Bình Thuận","6,773 m²",100 m,67.73 m,--,1
1.04 tỷ,"DT725, Xã B' Lá, Huyện Bảo Lâm, Lâm Đồng","1,040.90 m²",100 m,10 m,--,1
4 tỷ,"Xã An Phú, Xã An Phú, Huyện Mỹ Đức, Hà Nội",500 m²,--,10 m,--,0
1.2 tỷ,"DT741, Phường Chánh Phú Hòa, Thị xã Bến Cát, Bình Dương",350 m²,50 m,6 m,--,1
1.25 tỷ,"Quốc lộ 51, Phường Kim Dinh, Tp. Bà Rịa, Bà Rịa - Vũng Tàu",90 m²,6 m,15 m,Đ.Nam,1
1.87 tỷ,"Tỉnh lộ 2, Xã Phước Vĩnh An, Huyện Củ Chi, Hồ Chí Minh",85 m²,14 m,5.99 m,--,1
3.15 tỷ,"391 Quốc lộ 20, Xã Hiệp Thạnh, Huyện Đức Trọng, Lâm Đồng",677 m²,63 m,10 m,Đông,0
177.77 triệu,"Liên ấp 2-6, Xã Vĩnh Lộc A, Huyện Bình Chánh, Hồ Chí Minh",98 m²,19 m,5 m,--,1
500 triệu,"Ao Đôi, Phường Bình Trị Đông A, Quận Bình Tân, Hồ Chí Minh",64 m²,14 m,4 m,--,1
1.13 tỷ,"An Phước , Xã An Phước, Huyện Long Thành, Đồng Nai",100 m²,--,--,--,1
1.2 tỷ,"Đường Quốc Lộ 13, Thị trấn Lai Uyên, Huyện Bàu Bàng, Bình Dương",150 m²,--,--,--,1
2.17 tỷ,"NH7a, Phường Chánh Phú Hòa, Thị xã Bến Cát, Bình Dương",300 m²,30 m,10 m,--,1
1.84 tỷ,"Lê Thị Lục, Thị trấn Cần Giuộc, Huyện Cần Giuộc, Long An",607 m²,35 m,17 m,--,1
1.77 tỷ,"363 Nguyễn Hữu Thọ, Phường Điện Ngọc, Thị xã Điện Bàn, Quảng Nam",100 m²,--,--,--,0
5.08 tỷ,"DT 835, Xã Phước Lâm, Huyện Cần Giuộc, Long An",254 m²,53.4 m,5 m,--,1
2 tỷ,"DT 826C, Xã Tân Tập, Huyện Cần Giuộc, Long An",206 m²,41 m,5 m,--,1
1.6 tỷ,"NE 8, Phường Thới Hòa, Thị xã Bến Cát, Bình Dương",150 m²,30 m,5 m,Nam,1
898 triệu,"824, Thị trấn Bến Lức, Huyện Bến Lức, Long An",90 m²,15 m,6 m,--,1
550 triệu,"Truông Mít, Xã Truông Mít, Huyện Dương Minh Châu, Tây Ninh",150 m²,30 m,5 m,--,1
820 triệu,"Quảng Uyên, Xã Minh Châu, Huyện Yên Mỹ, Hưng Yên",55 m²,--,--,Đ.Nam,1
30 triệu,"Quốc lộ 1A, Xã Ngư Thủy Bắc, Huyện Lệ Thủy, Quảng Bình",95 m²,19.5 m,5 m,Đ.Bắc,1
690 triệu,"Đường số 11, Xã Trung Lập Hạ, Huyện Củ Chi, Hồ Chí Minh",300 m²,29 m,12 m,--,1
2.16 tỷ,"Đường Thượng Cát, Phường Thượng Cát, Quận Bắc Từ Liêm, Hà Nội",54 m²,16 m,3 m,--,1
1.85 tỷ,"Đường DJ7, Phường Thới Hòa, Thị xã Bến Cát, Bình Dương",150 m²,5 m,30 m,--,1
550 triệu,"ĐT756B, Xã Phước An, Huyện Hớn Quản, Bình Phước",200 m²,20 m,5 m,--,1
1.3 tỷ,"Quốc lộ 1A, Xã Bình Tú, Huyện Thăng Bình, Quảng Nam",100 m²,12.2 m,9 m,--,0
890 triệu,"DT 835C, Xã Phước Vân, Huyện Cần Đước, Long An",125 m²,25 m,5 m,Đông,1
2.3 tỷ,"Quốc lộ 1A, Xã Bình Tú, Huyện Thăng Bình, Quảng Nam",125 m²,25 m,5 m,--,0
400 triệu,"67 đường số 1, Phường An Bình, Tp. Dĩ An, Bình Dương",350 m²,50 m,7 m,Đ.Nam,1
3.3 tỷ,"Thôn Rùa, Xã Vân Hòa, Huyện Ba Vì, Hà Nội",727 m²,30 m,24 m,--,1
3.98 tỷ,"Huỳnh Thị Bằng, Xã Phú Hòa Đông, Huyện Củ Chi, Hồ Chí Minh",479 m²,44 m,13 m,--,1
1 tỷ,"Vành đai 4, Xã Long Cang, Huyện Cần Đước, Long An",105 m²,--,--,--,0
1.2 tỷ,"835C, Xã Phước Vân, Huyện Cần Đước, Long An",125 m²,4 m,31 m,--,1
700 triệu,"Quốc Lộ 14B, Xã Đại Đồng, Huyện Đại Lộc, Quảng Nam",100 m²,6 m,--,--,0
700 triệu,"Thị trấn Bến Cầu, Huyện Bến Cầu, Tây Ninh",150 m²,30 m,5 m,--,1
785.2 triệu,"DT756, Xã Tân Quan, Huyện Hớn Quản, Bình Phước",604 m²,60 m,7.99 m,--,1
2 tỷ,"Hẻm 56 đường Lê Lợi, Xã Lộc Thanh, Tp. Bảo Lộc, Lâm Đồng",782 m²,--,--,--,1
600 triệu,"Quốc lộ 22, Thị trấn Gò Dầu, Huyện Gò Dầu, Tây Ninh",200 m²,5 m,40 m,--,1
3.3 tỷ,"Nguyễn Văn Cừ, Thị trấn Di Linh, Huyện Di Linh, Lâm Đồng",370 m²,33.7 m,11 m,--,1
6.3 tỷ,"An Thượng 24, Phường Mỹ An, Quận Ngũ Hành Sơn, Đà Nẵng",100 m²,14.3 m,7 m,--,1
2.1 tỷ,"Nguyễn Văn Cừ, Xã Gung Ré, Huyện Di Linh, Lâm Đồng","3,500 m²",89 m,40 m,--,1
5.3 tỷ,"Phố Ngọc Khánh, Phường Ngọc Khánh, Quận Ba Đình, Hà Nội",40 m²,10 m,4 m,--,1
5.7 tỷ,"Lê Văn Chí, Phường Linh Trung, Tp. Thủ Đức, Hồ Chí Minh",67 m²,--,4 m,T.Bắc,0
4.5 tỷ,"Đường D2B, Phường Phú Tân, Tp. Thủ Dầu Một, Bình Dương",190 m²,30 m,6.34 m,Đ.Nam,1
2 tỷ,"DT607, Phường Điện Ngọc, Thị xã Điện Bàn, Quảng Nam",100 m²,20 m,5 m,Tây,1
450 triệu,"Tỉnh Lộ 824, Xã Đức Hòa Thượng, Huyện Đức Hòa, Long An",80 m²,--,--,--,0
2.25 tỷ,"Quốc lộ 1A, Xã Bình Tú, Huyện Thăng Bình, Quảng Nam",125 m²,25 m,5 m,--,1
3.85 tỷ,"Lộc An, Xã Lộc An, Huyện Long Thành, Đồng Nai","250,250 m²",50 m,5 m,--,1
720 triệu,"Đường 101, Xã Phú Mỹ Hưng, Huyện Củ Chi, Hồ Chí Minh",190 m²,38 m,5 m,Bắc,1
1.8 tỷ,"An Thới, Thị trấn Dương Đông, Huyện Phú Quốc, Kiên Giang",579 m²,25 m,20 m,Đ.Nam,1
1.6 tỷ,"NE8, Phường Thới Hòa, Thị xã Bến Cát, Bình Dương",150 m²,30 m,5 m,Bắc,1
250 triệu,"Ấp 4 , Xã Thanh Hòa, Huyện Bù Đốp, Bình Phước",300 m²,55 m,5 m,--,1
700 triệu,"Bến Đình, Thị trấn Bến Cầu, Huyện Bến Cầu, Tây Ninh",150 m²,30 m,5 m,Tây,1
2.4 tỷ,"Quốc lộ 56, Xã Nghĩa Thành, Huyện Châu Đức, Bà Rịa - Vũng Tàu",170 m²,25 m,5 m,Đ.Nam,1
650 triệu,"Hồ Văn Tắng, Xã Tân Phú Trung, Huyện Củ Chi, Hồ Chí Minh",90 m²,18 m,5 m,--,0
1.65 tỷ,"Võ Văn Ngân, Xã Đức Hòa Hạ, Huyện Đức Hòa, Long An",125 m²,25 m,5 m,Tây,1
6.71 tỷ,"Đường Xã Yên Bình, Xã Yên Bình, Huyện Thạch Thất, Hà Nội","1,342 m²",44 m,22 m,--,1
2.05 tỷ,"Quốc lộ 51, Phường Kim Dinh, Tp. Bà Rịa, Bà Rịa - Vũng Tàu",90 m²,6 m,16 m,Đ.Nam,1
1.69 tỷ,"1, Thị trấn Thạnh Phú, Huyện Thạnh Phú, Bến Tre",120 m²,24 m,5 m,--,0
2.85 tỷ,"QL 2C, Thị trấn Hợp Hòa, Huyện Tam Dương, Vĩnh Phúc",120 m²,6 m,20 m,--,0
1.45 tỷ,"An Hạ, Xã Phạm Văn Hai, Huyện Bình Chánh, Hồ Chí Minh",125 m²,5 m,25 m,Đông,1
3.9 tỷ,"Đường Hùng Vương, Phường Phú Mỹ, Thị xã Phú Mỹ, Bà Rịa - Vũng Tàu",100 m²,20 m,5 m,Đ.Nam,1
590 triệu,"DT741, Xã Thuận Lợi, Huyện Đồng Phú, Bình Phước","1,000 m²",88 m,12 m,--,1
6.65 tỷ,"Quốc Lộ 51, Phường Phú Mỹ, Thị xã Phú Mỹ, Bà Rịa - Vũng Tàu",190 m²,15 m,5 m,Đ.Nam,1
1.68 tỷ,"Đại lộ Bình Dương, Phường Thới Hòa, Thị xã Bến Cát, Bình Dương",150 m²,30 m,5 m,--,1
830 triệu,"391 Quốc lộ 20, Xã Đạ Ròn, Huyện Đơn Dương, Lâm Đồng",119 m²,23 m,5 m,Đông,0
1.95 tỷ,"Phường Điện Nam Trung, Phường Điện Nam Trung, Thị xã Điện Bàn, Quảng Nam",113 m²,17.95 m,6.34 m,--,1
80 triệu,"Ấp 1, Xã Tân Hiệp, Huyện Long Thành, Đồng Nai",4.80 m²,--,--,--,1
1.85 tỷ,"Đường 409, Xã Phước Vĩnh An, Huyện Củ Chi, Hồ Chí Minh",85 m²,--,--,--,1
590 triệu,"Quuốc lộ 13, Xã Lộc Khánh, Huyện Lộc Ninh, Bình Phước",268 m²,--,--,--,1
964 triệu,"Quốc Lộ 1A, Xã Hồng Thái, Huyện Bắc Bình, Bình Thuận","3,856 m²",--,--,--,1
1.2 tỷ,"Quốc Lộ 1A, Xã Hồng Thái, Huyện Bắc Bình, Bình Thuận","10,022 m²",--,--,--,1
3.24 tỷ,"Bình Sơn, Xã Ninh Thọ, Thị xã Ninh Hòa, Khánh Hòa",925 m²,--,--,--,0
1.85 tỷ,"361, Phường Bàng La, Quận Đồ Sơn, Hải Phòng",116 m²,--,5 m,--,1
2 tỷ,"Hẻm 56 đường Lê Lợi, Xã Lộc Thanh, Tp. Bảo Lộc, Lâm Đồng",782 m²,--,--,--,1
13.5 tỷ,"Đường số 10, Phường Linh Trung, Tp. Thủ Đức, Hồ Chí Minh",246 m²,24.6 m,10 m,T.Nam,0
8.35 tỷ,"Bình Sơn, Xã Ninh Thọ, Thị xã Ninh Hòa, Khánh Hòa","3,339 m²",80 m,38 m,--,0
900 triệu,"Khu phố 2 Thuận An, Phường 7, Tp. Tân An, Long An",500 m²,42 m,12 m,--,1
350 triệu,"DT 781, Thị trấn Dương Minh Châu, Huyện Dương Minh Châu, Tây Ninh",150 m²,30 m,5 m,--,1
1.8 tỷ,"QL 1A, Xã Hồng Thái, Huyện Bắc Bình, Bình Thuận","8,700 m²",--,--,--,1
1.4 tỷ,"Đường 818, Thị trấn Thủ Thừa, Huyện Thủ Thừa, Long An",100 m²,20 m,5 m,--,1
3.75 tỷ,"Cầu xéo Chợ Mới, Huyện Long Thành, Tỉnh Đồng Nai",318.40 m²,23.6 m,13 m,--,1
470 triệu,"Tỉnh lộ 10C, Xã Vinh Hà, Huyện Phú Vang, Thừa Thiên Huế",131 m²,23 m,5.6 m,T.Bắc,1
890 triệu,"N11, Xã Minh Hưng, Huyện Chơn Thành, Bình Phước",200 m²,20 m,10 m,Đ.Nam,1
449 triệu,"Đường Quốc Lộ 13, Xã Lộc Thạnh, Huyện Lộc Ninh, Bình Phước","1,006 m²",74 m,13 m,--,1
2.45 tỷ,"Lê Nhân Tông, Phường An Phú, Tp. Tam Kỳ, Quảng Nam",150 m²,25 m,6 m,Nam,1
2.8 tỷ,"DH12, Xã Tu Tra, Huyện Đơn Dương, Lâm Đồng",200 m²,--,--,--,1
2.25 tỷ,"Quốc lộ 1A, Xã Bình Tú, Huyện Thăng Bình, Quảng Nam",125 m²,25 m,5 m,--,1
2 tỷ,"Long Đức, Xã Long Đức, Huyện Long Thành, Đồng Nai",138.90 m²,23.23 m,6.75 m,T.Nam,1
1.4 tỷ,"DT 716, Xã Hồng Thái, Huyện Bắc Bình, Bình Thuận","8,170 m²",--,--,--,1
3.1 tỷ,"Long Phú, Xã Phước Thái, Huyện Long Thành, Đồng Nai",100 m²,19 m,5 m,--,1
1.6 tỷ,"Hiền Đức, Xã Phước Thái, Huyện Long Thành, Đồng Nai",100 m²,20 m,5 m,--,1
2.1 tỷ,"Quốc lộ 44A, Phường Long Toàn, Tp. Bà Rịa, Bà Rịa - Vũng Tàu",90 m²,--,--,--,0
633 triệu,"605, Xã Điện Tiến, Thị xã Điện Bàn, Quảng Nam",121 m²,20 m,5 m,--,0
1.7 tỷ,"108, Xã Phú Ngọc, Huyện Định Quán, Đồng Nai","1,020 m²",--,--,--,1
560 triệu,"Hoàng Phan Thái, Xã Bình Chánh, Huyện Bình Chánh, Hồ Chí Minh",100 m²,20 m,5 m,--,1
1.13 tỷ,"Đường Số 2, Xã An Phước, Huyện Long Thành, Đồng Nai",104.70 m²,--,--,--,0
800 triệu,"Đinh Đức Thiện, Xã Bình Chánh, Huyện Bình Chánh, Hồ Chí Minh",100 m²,5 m,20 m,--,1
900 triệu,"QL1A, Xã Hồng Thái, Huyện Bắc Bình, Bình Thuận","8,000 m²",--,--,--,1
1.6 tỷ,"Đường Tản Đà, Phường 1, Tp. Bảo Lộc, Lâm Đồng",160 m²,8 m,20 m,Đ.Bắc,1
860 triệu,"Đường làng, Xã Minh Châu, Huyện Yên Mỹ, Hưng Yên",54 m²,13 m,4.17 m,Đ.Nam,1
3.1 tỷ,"Đường Thụy Lâm, Xã Thuỵ Lâm, Huyện Đông Anh, Hà Nội",85 m²,17 m,5 m,Đông,1
615 triệu,"Đường Võ Văn Mén, Phường Tân Biên, Tp. Biên Hòa, Đồng Nai",72 m²,18 m,4 m,Đông,1
5.9 tỷ,"Đường số 26, Phường Hiệp Bình Chánh, Tp. Thủ Đức, Hồ Chí Minh",73 m²,18.3 m,4 m,T.Bắc,0
8.44 tỷ,"Đường số 11, Phường Trường Thọ, Tp. Thủ Đức, Hồ Chí Minh",88 m²,19.26 m,4.6 m,T.Nam,1
6.1 tỷ,"Đường số 40, Phường Hiệp Bình Chánh, Tp. Thủ Đức, Hồ Chí Minh",67 m²,16.7 m,4 m,Tây,0
4 tỷ,"An Thượng 24, Phường Mỹ An, Quận Ngũ Hành Sơn, Đà Nẵng",120 m²,--,--,--,0
840 triệu,"Quốc lộ 14, Xã Đồng Tiến, Huyện Đồng Phú, Bình Phước",250 m²,5 m,60 m,Đông,1
4.35 tỷ,"Đường số 8, Phường Linh Xuân, Tp. Thủ Đức, Hồ Chí Minh",79 m²,19.75 m,4 m,T.Nam,0
3.3 tỷ,"Đường số 10, Phường Linh Xuân, Tp. Thủ Đức, Hồ Chí Minh",53 m²,10.5 m,5 m,T.Nam,0
3.5 tỷ,"Tỉnh Lộ 7, Xã Nhuận Đức, Huyện Củ Chi, Hồ Chí Minh","2,400 m²",35 m,68 m,--,1
1.65 tỷ,"Thái Hòa, Xã Hố Nai 3, Huyện Trảng Bom, Đồng Nai",83 m²,21.5 m,4.8 m,Đông,1
1.07 tỷ,"Quốc lộ 1A, Phường Kỳ Phương, Thị xã Kỳ Anh, Hà Tĩnh",155.40 m²,30.12 m,5 m,--,1
850 triệu,"Đường Minh Tân, Xã Minh Tân, Huyện Kiến Thụy, Hải Phòng",75 m²,--,4.5 m,--,1
1.3 tỷ,"833b, Xã Long Cang, Huyện Cần Đước, Long An",89 m²,5 m,17.99 m,--,0
1.3 tỷ,"Tổ 6, Xã Yên Bình, Huyện Yên Bình, Yên Bái",100 m²,20 m,5 m,Đông,1
900 triệu,"Âu Cơ, Xã Tân Lạc, Huyện Bảo Lâm, Lâm Đồng",165 m²,--,--,--,0
3.3 tỷ,"Đường Lê Hồng Phong, Phường Bình Thủy, Quận Bình Thuỷ, Cần Thơ",125 m²,25 m,5 m,--,1
499 triệu,"824, Xã An Thạnh, Huyện Bến Lức, Long An",90 m²,15 m,6 m,--,1
720 triệu,"An Nhơn Tây, Xã An Phú, Huyện Củ Chi, Hồ Chí Minh",150 m²,30 m,5 m,Tây,0
5.5 tỷ,"391 Quốc lộ 20, Xã Hiệp Thạnh, Huyện Đức Trọng, Lâm Đồng",500 m²,20 m,25 m,--,1
450 triệu,"Bến Đình, Thị trấn Bến Cầu, Huyện Bến Cầu, Tây Ninh",150 m²,30 m,5 m,--,1
350 triệu,"Quốc Lộ 22, Xã Tân Thông Hội, Huyện Củ Chi, Hồ Chí Minh",80 m²,16 m,5 m,--,0
1.2 tỷ,"QL50, Xã Tân Lân, Huyện Cần Đước, Long An",100 m²,16 m,4 m,T.Nam,1
870 triệu,"Âu Cơ, Xã Tân Lạc, Huyện Bảo Lâm, Lâm Đồng",170 m²,35 m,5 m,--,1
2.7 tỷ,"DT769, Xã Lộc An, Huyện Long Thành, Đồng Nai",132 m²,6 m,42 m,Đ.Bắc,1
600 triệu,"QL13, Xã Lộc Thạnh, Huyện Lộc Ninh, Bình Phước",400 m²,--,--,--,1
2.9 tỷ,"391 Quốc lộ 20, Xã Hiệp Thạnh, Huyện Đức Trọng, Lâm Đồng",296 m²,27 m,11 m,Đông,1
618 triệu,"DT756, Thị trấn Chơn Thành, Huyện Chơn Thành, Bình Phước",350 m²,--,--,--,1
2.4 tỷ,"Đường số 5, Phường 6, Quận 8, Hồ Chí Minh",90 m²,8 m,--,--,1
2.4 tỷ,"Đường gần quốc lộ 1A, Xã Hộ Hải, Huyện Ninh Hải, Ninh Thuận","6,000 m²",50 m,120 m,Bắc,1
1.55 tỷ,"Thị trấn Gia Khánh, Huyện Bình Xuyên, Vĩnh Phúc",91 m²,18 m,5 m,Tây,1
499 triệu,"824, Xã An Thạnh, Huyện Bến Lức, Long An",90 m²,15 m,6 m,--,1
450 triệu,"Tỉnh Lộ 15, Xã Tân Thạnh Đông, Huyện Củ Chi, Hồ Chí Minh",85 m²,17 m,5 m,--,1
5.4 tỷ,"Lê Văn Chí, Phường Linh Trung, Tp. Thủ Đức, Hồ Chí Minh",89 m²,--,6.4 m,Nam,0
4.2 tỷ,"Đinh Bộ Lĩnh, Xã Lộc An, Huyện Long Thành, Đồng Nai",115 m²,23 m,5 m,--,1
380 triệu,"Tân Lợi, Xã Tân Lợi, Huyện Đồng Phú, Bình Phước","1,000 m²",10 m,100 m,Đ.Bắc,1
7.39 tỷ,"Đường số 11, Phường Trường Thọ, Tp. Thủ Đức, Hồ Chí Minh",88 m²,19.26 m,4.6 m,--,0
1.78 tỷ,"Đại lộ Bình Dương, Phường Thới Hòa, Thị xã Bến Cát, Bình Dương",150 m²,30 m,5 m,--,1
500 triệu,"ĐT741, Xã Thuận Lợi, Huyện Đồng Phú, Bình Phước",250 m²,5 m,50 m,--,0
1.7 tỷ,"DT748, Xã An Lập, Huyện Dầu Tiếng, Bình Dương","1,000 m²",--,--,--,0
1.6 tỷ,"DT750, Xã Trừ Văn Thố, Huyện Bàu Bàng, Bình Dương","1,000 m²",--,--,--,0
799 triệu,"DT756, Xã Tân Quan, Huyện Hớn Quản, Bình Phước",604 m²,--,--,--,1
1.3 tỷ,"Quốc lộ 1A, Xã Bình Tú, Huyện Thăng Bình, Quảng Nam",120 m²,--,--,--,1
1.59 tỷ,"Đường ĐT 835, Xã Đức Lập Thượng, Huyện Đức Hòa, Long An",100 m²,6 m,7 m,--,1
950 triệu,"753, Xã Tân Phước, Huyện Đồng Phú, Bình Phước",100 m²,20 m,5 m,Đ.Nam,1
850 triệu,"361, Phường Bàng La, Quận Đồ Sơn, Hải Phòng",61 m²,--,4 m,--,1
950 triệu,"DT753 , Xã Tân Phước, Huyện Đồng Phú, Bình Phước",100 m²,--,--,--,0
669 triệu,"DT605, Xã Điện Tiến, Thị xã Điện Bàn, Quảng Nam",221 m²,27 m,9 m,Đ.Bắc,1
830 triệu,"Tỉnh lộ 822, Thị trấn Hậu Nghĩa, Huyện Đức Hòa, Long An",110 m²,21 m,5 m,--,1
2.5 tỷ,"Bồng Lai, Xã Tu Tra, Huyện Đơn Dương, Lâm Đồng",200 m²,--,--,--,1
610 triệu,"Tỉnh lộ 8, Xã Đức Lập Thượng, Huyện Đức Hòa, Long An",80 m²,16 m,5 m,--,1
1.3 tỷ,"TL9, Xã Mỹ Hạnh Bắc, Huyện Đức Hòa, Long An",123 m²,24.6 m,5 m,--,1
450 triệu,"Tỉnh lộ 8, Xã Đức Lập Thượng, Huyện Đức Hòa, Long An",80 m²,16 m,5 m,--,1
720 triệu,"Quốc lộ, Thị trấn Bến Cầu, Huyện Bến Cầu, Tây Ninh",150 m²,30 m,5 m,T.Bắc,1
2.39 tỷ,"Đường số 11A, Xã Phong Phú, Huyện Bình Chánh, Hồ Chí Minh",80 m²,20 m,--,--,1
472 triệu,"DT756, Xã Quang Minh, Huyện Chơn Thành, Bình Phước",236 m²,5 m,40 m,--,1
5.7 tỷ,"Đường số 8, Phường Linh Trung, Tp. Thủ Đức, Hồ Chí Minh",85 m²,12.8 m,6.6 m,T.Bắc,0
6.5 tỷ,"Đường số 22, Phường Linh Đông, Tp. Thủ Đức, Hồ Chí Minh",75 m²,--,5.3 m,Nam,0
1.6 tỷ,"Nguyễn Trung Trực, Xã Long Cang, Huyện Cần Đước, Long An",120 m²,25 m,4.5 m,Đông,1
1.3 tỷ,"QL1A, Xã Phan Thanh, Huyện Bắc Bình, Bình Thuận","10,000 m²",--,--,--,0
3.2 tỷ,"402, Phường Hoà Nghĩa, Quận Dương Kinh, Hải Phòng",178 m²,178 m,10 m,--,1
16.5 tỷ,"Đường số 24, Phường Linh Đông, Tp. Thủ Đức, Hồ Chí Minh",266.60 m²,38.4 m,7 m,Nam,0
1.77 tỷ,"Quốc lộ 14, Thị trấn Chơn Thành, Huyện Chơn Thành, Bình Phước",300 m²,30 m,10 m,--,0
1.67 tỷ,"D1B, Thị trấn Chơn Thành, Huyện Chơn Thành, Bình Phước",300 m²,30 m,10 m,--,0
390 triệu,"DT 796, Xã Thành Long, Huyện Châu Thành, Tây Ninh",150 m²,--,--,--,0
1 tỷ,"833b, Xã Bình Chánh, Huyện Bình Chánh, Hồ Chí Minh",105 m²,--,--,--,0
480 triệu,"ĐT741, Xã Thuận Lợi, Huyện Đồng Phú, Bình Phước",250 m²,5 m,50 m,--,1
1.8 tỷ,"DH512, Xã An Linh, Huyện Phú Giáo, Bình Dương","1,000 m²",12 m,90 m,--,1
2.05 tỷ,"361, Phường Bàng La, Quận Đồ Sơn, Hải Phòng",157 m²,--,15 m,--,1
550 triệu,"DT756, Xã Tân Hưng, Huyện Hớn Quản, Bình Phước",200 m²,40 m,5 m,--,0
4.2 tỷ,"Đường Quốc Lộ 13, Xã Nguyễn Việt Khái, Huyện Phú Tân, Cà Mau","40,000 m²",500 m,80 m,--,1
4.5 tỷ,"Cố Đụng, Xã Tiến Xuân, Huyện Thạch Thất, Hà Nội",300 m²,--,--,--,1
1.32 tỷ,"QL1A, Xã Sông Lũy, Huyện Bắc Bình, Bình Thuận","7,754 m²",--,--,--,0
899 triệu,"Đường số 8, Thị trấn Bến Lức, Huyện Bến Lức, Long An",90 m²,--,--,--,1
1.38 tỷ,"17, Phường Tân Hiệp, Thị xã Tân Uyên, Bình Dương",67 m²,--,--,--,0
2.2 tỷ,"Đinh Bộ Lĩnh, Xã Lộc An, Huyện Long Thành, Đồng Nai",121 m²,--,--,--,1
1.3 tỷ,"Đường ĐT 835, Xã Phước Lợi, Huyện Bến Lức, Long An",100 m²,5 m,20 m,--,1
1.75 tỷ,"DT748, Xã An Lập, Huyện Dầu Tiếng, Bình Dương","1,000 m²",--,--,--,1
1.6 tỷ,"DT749, Xã Lai Hưng, Huyện Bàu Bàng, Bình Dương","1,000 m²",--,--,--,1
1.8 tỷ,"Đường Vĩnh Yên, Xã Vạn Thạnh, Huyện Vạn Ninh, Khánh Hòa",141 m²,25.6 m,5.5 m,Tây,1
960 triệu,"Đường 823, Xã Đức Hòa Thượng, Huyện Đức Hòa, Long An",80 m²,5 m,16 m,Đ.Bắc,1
580 triệu,"Quốc lộ 13, Xã Minh Hưng, Huyện Chơn Thành, Bình Phước",380 m²,47 m,8 m,--,0
600 triệu,"Tỉnh lộ 10, Xã Đức Hòa Thượng, Huyện Đức Hòa, Long An",80 m²,4 m,20 m,Đ.Bắc,1
390 triệu,"Đường 796, Xã Ninh Điền, Huyện Châu Thành, Tây Ninh",150 m²,30 m,5 m,--,1
920 triệu,"Đoàn Nguyễn Tuấn, Xã Bình Chánh, Huyện Bình Chánh, Hồ Chí Minh",100 m²,20 m,5 m,--,1
370 triệu,"Phạm Ngũ Lão, Phường 10, Quận Gò Vấp, Hồ Chí Minh",220 m²,44 m,5 m,--,1
535 triệu,"Đường Hồ Chí Minh, Xã Tân Thành, Thành phố Đồng Xoài, Bình Phước","1,000 m²",100 m,12 m,--,1
900 triệu,"Tỉnh lộ 822, Thị trấn Củ Chi, Huyện Củ Chi, Hồ Chí Minh",100 m²,20 m,5 m,--,1
550 triệu,"Đường quốc lộ N2, Xã Tân Mỹ, Huyện Đức Hòa, Long An",100 m²,20 m,5 m,Đ.Nam,1
1 tỷ,"741, Xã Tân Hiệp, Huyện Phú Giáo, Bình Dương","1,100 m²",--,--,--,1
5 tỷ,"DT716, Xã Hòa Thắng, Huyện Bắc Bình, Bình Thuận","4,200 m²",--,--,--,1
390 triệu,"DH758, Xã Thuận Lợi, Huyện Đồng Phú, Bình Phước","1,000 m²",100 m,10 m,--,1
2.82 tỷ,"Phù Lang, Xã Phù Lương, Huyện Quế Võ, Bắc Ninh",100 m²,20 m,5 m,--,1
419 triệu,"Quốc lộ 13, Xã Lộc Thạnh, Huyện Lộc Ninh, Bình Phước",120 m²,24 m,5 m,--,1
1.63 tỷ,"Tỉnh lộ 10, Xã Đức Hòa Đông, Huyện Đức Hòa, Long An",65 m²,16 m,4 m,Tây,1
1.65 tỷ,"Đường Tân Thành, Phường Tân Thành, Quận Dương Kinh, Hải Phòng",100 m²,20 m,5 m,--,1
1.95 tỷ,"512, Xã Tân Hiệp, Huyện Phú Giáo, Bình Dương","1,100 m²",90 m,12 m,--,1
4.65 tỷ,"Đường số 12, Phường Trường Thọ, Thành phố Thủ Đức, Hồ Chí Minh",53.30 m²,13.29 m,4 m,Đ.Bắc,0
7.8 tỷ,"Đường số 22, Phường Linh Đông, Thành phố Thủ Đức, Hồ Chí Minh",95.30 m²,19.06 m,5 m,Đ.Nam,0
2.25 tỷ,"Quốc lộ 1A, Xã Bình Tú, Huyện Thăng Bình, Quảng Nam",125 m²,25 m,5 m,--,1
4.45 tỷ,"Đường Phạm Văn Thuận, Phường Tam Hiệp, Thành phố Biên Hòa, Đồng Nai",228 m²,32 m,6 m,Đông,1
1.6 tỷ,"Xã Châu Pha, Thị xã Phú Mỹ, Bà Rịa - Vũng Tàu",130 m²,5 m,27 m,--,1
860 triệu,"Đường 685, Xã Đắk Sin, Huyện Đắk R'Lấp, Đắk Nông","1,000 m²",100 m,10 m,--,0
940 triệu,"Liên huyện 32m, Xã Tân Quan, Huyện Hớn Quản, Bình Phước",240 m²,50 m,5.5 m,--,0
720 triệu,"Tân Phú Trung, Xã Tân Phú Trung, Huyện Củ Chi, Hồ Chí Minh",200 m²,20 m,10 m,Nam,0
430 triệu,"30/4, Phường Phú Cường, Thành phố Thủ Dầu Một, Bình Dương",480 m²,48 m,10 m,--,0
3.6 tỷ,"Việt Yên, Xã Đông Yên, Huyện Quốc Oai, Hà Nội",267 m²,25 m,10 m,--,1
1.5 tỷ,"Bồng Lai, Xã Hiệp Thạnh, Huyện Đức Trọng, Lâm Đồng",261 m²,5 m,50 m,Đ.Bắc,1
639 triệu,"Đường số 1, Xã Lộc An, Huyện Bảo Lâm, Lâm Đồng",120 m²,24 m,5 m,--,1
390 triệu,"Lê Hữu Trác, Xã Đức Tân, Huyện Mộ Đức, Quảng Ngãi",165 m²,165 m,5 m,Đ.Nam,1
2 tỷ,"391 Quốc lộ 20, Xã Hiệp Thạnh, Huyện Đức Trọng, Lâm Đồng",150 m²,30 m,5 m,Nam,1
1.5 tỷ,"An Hạ, Xã Phạm Văn Hai, Huyện Bình Chánh, Hồ Chí Minh",80 m²,5 m,16 m,--,0
4.5 tỷ,"Tuyến Tránh 56, Xã Tân Hải, Thị xã Phú Mỹ, Bà Rịa - Vũng Tàu",192 m²,27 m,7.5 m,Đông,1
620 triệu,"Đường nhánh, Xã Lộc Khánh, Huyện Lộc Ninh, Bình Phước",300 m²,60 m,5 m,--,1
899 triệu,"Hồ Lộc Nam , Xã Lộc Nam, Huyện Bảo Lâm, Lâm Đồng",140 m²,--,--,--,1
8 tỷ,"Hoàng Sa, Xã Tân Hải, Thị xã Phú Mỹ, Bà Rịa - Vũng Tàu",970 m²,24 m,40 m,Tây,1
1.15 tỷ,"Ấp 3 Minh Thắng, Xã Minh Thắng, Huyện Chơn Thành, Bình Phước",225 m²,45 m,5 m,--,1
1.6 tỷ,"Tân Hiệp 39, Xã Tân Hiệp, Huyện Phú Giáo, Bình Dương","1,000 m²",20 m,50 m,--,1
1.95 tỷ,"DT741, Phường Hòa Lợi, Thị xã Bến Cát, Bình Dương","1,000 m²",--,--,--,1
1.86 tỷ,"DT741, Phường Chánh Phú Hòa, Thị xã Bến Cát, Bình Dương","1,000 m²",--,--,--,0
2.85 tỷ,"Trại Giao, Phường Khai Quang, Thành phố Vĩnh Yên, Vĩnh Phúc",224 m²,32 m,7 m,Nam,0
550 triệu,"Truông Mít, Xã Truông Mít, Huyện Dương Minh Châu, Tây Ninh",150 m²,30 m,5 m,--,1
3.12 tỷ,"Xã Yên Bài, Huyện Ba Vì, Hà Nội",208 m²,--,--,--,1
639 triệu,"Quốc lộ 13, Xã Lộc Thạnh, Huyện Lộc Ninh, Bình Phước",320 m²,26 m,12 m,--,1
600 triệu,"ĐT 753, Xã Tân Phước, Huyện Đồng Phú, Bình Phước",300 m²,6 m,50 m,Đông,1
2 tỷ,"Hẻm 56 đường Nguyễn Trãi, Xã Lộc Thanh, Thành phố Bảo Lộc, Lâm Đồng",782 m²,--,--,--,1
5.15 tỷ,"Đường thôn, Xã Hải An, Huyện Hải Lăng, Quảng Trị","1,030 m²",31 m,33 m,Đ.Bắc,1
2.2 tỷ,"420, Xã Bình Yên, Huyện Thạch Thất, Hà Nội",100 m²,25 m,4 m,--,1
615 triệu,"Đường Điểu Xiển, Phường Tân Biên, Thành phố Biên Hòa, Đồng Nai",72 m²,--,--,--,1
900 triệu,"419, Xã Tân Xã, Huyện Thạch Thất, Hà Nội",60 m²,--,--,--,1
2.8 tỷ,"Nguyễn Văn Khạ, Xã Nhuận Đức, Huyện Củ Chi, Hồ Chí Minh","1,750 m²",15 m,120 m,--,1
2.16 tỷ,"Quốc lộ 1A, Xã Bình Tú, Huyện Thăng Bình, Quảng Nam",120 m²,25 m,5 m,--,1
900 triệu,"Hương Lộ 11, Xã Tân Quý Tây, Huyện Bình Chánh, Hồ Chí Minh",100 m²,25 m,4 m,Đông,1
448 triệu,"Quốc lộ 13, Xã Lộc Thạnh, Huyện Lộc Ninh, Bình Phước",130 m²,25 m,5 m,--,0
850 triệu,"Đường số 1, Xã Lộc An, Huyện Bảo Lâm, Lâm Đồng",120 m²,24 m,5 m,--,1
1.2 tỷ,"Phạm Văn Cội, Xã Phạm Văn Cội, Huyện Củ Chi, Hồ Chí Minh",210 m²,42 m,5 m,--,0
1.2 tỷ,"Nguyễn Văn Khạ, Xã Tân An Hội, Huyện Củ Chi, Hồ Chí Minh",120 m²,24 m,5 m,--,1
2.75 tỷ,"Đường Trung Nghĩa, Phường Hợp Đức, Quận Đồ Sơn, Hải Phòng",150 m²,25 m,6 m,--,1
750 triệu,"Đường DT756B, Thị trấn Tân Khai, Huyện Hớn Quản, Bình Phước",250 m²,50 m,5 m,--,1
3.2 tỷ,"Đường sông Xoài Cù Bị, Xã Sông Xoài, Thị xã Phú Mỹ, Bà Rịa - Vũng Tàu",220 m²,26 m,9 m,Đ.Nam,1
1.1 tỷ,"Cây Trôm - Mỹ Khánh, Xã Thái Mỹ, Huyện Củ Chi, Hồ Chí Minh",216 m²,17 m,13 m,--,0
6 tỷ,"Đường ĐT 830, Xã Hựu Thạnh, Huyện Đức Hòa, Long An",100 m²,10 m,10 m,Đ.Nam,1
649 triệu,"Đường Bàu Trắng, Thị trấn Chợ Lầu, Huyện Bắc Bình, Bình Thuận","4,090 m²",--,--,--,0
450 triệu,"Quốc lộ 24, Xã Phổ Phong, Huyện Đức Phổ, Quảng Ngãi",500 m²,50 m,10 m,Đông,1
3.08 tỷ,"Đường Thái Lai, Xã Minh Trí, Huyện Sóc Sơn, Hà Nội",280 m²,--,12.69 m,--,1
1.6 tỷ,"Đường ĐH507, Xã Tân Hiệp, Huyện Phú Giáo, Bình Dương","1,000 m²",100 m,9.99 m,--,1
1.4 tỷ,"Võ Văn Kiệt, Xã Sông Xoài, Thị xã Phú Mỹ, Bà Rịa - Vũng Tàu",200 m²,5 m,40 m,--,1
8.5 tỷ,"85 Lĩnh Nam, Phường Mai Động, Quận Hoàng Mai, Hà Nội",219 m²,31 m,7 m,Đ.Nam,1
3.32 tỷ,"Đường Vụ Bản, Xã Minh Trí, Huyện Sóc Sơn, Hà Nội",369 m²,--,19 m,--,1
1.2 tỷ,"QL1A, Xã Hồng Thái, Huyện Bắc Bình, Bình Thuận","10,022 m²",1 m,10000 m,Nam,0
1.3 tỷ,"277, Xã Hương Mạc, Thị xã Từ Sơn, Bắc Ninh",56.20 m²,--,--,--,0
600 triệu,"101, Xã Túc Trưng, Huyện Định Quán, Đồng Nai","1,338 m²",67 m,38 m,T.Nam,1
900 triệu,"Đường Quốc Lộ 20, Xã Lộc An, Huyện Bảo Lâm, Lâm Đồng",150 m²,30 m,5 m,--,1
2.97 tỷ,"Đường Hòa Nghĩa, Phường Hoà Nghĩa, Quận Dương Kinh, Hải Phòng",135 m²,--,4.5 m,--,1
808.6 triệu,"DT756, Xã Tân Quan, Huyện Hớn Quản, Bình Phước",622 m²,70 m,8 m,--,1
450 triệu,"Tân Lợi, Xã Tân Lợi, Huyện Đồng Phú, Bình Phước","1,000 m²",100 m,10 m,Đông,1
6.6 tỷ,"Đường Lê Thanh Nghị, Phường Liên Bảo, Thành phố Vĩnh Yên, Vĩnh Phúc",440 m²,44 m,10 m,Nam,1
1.25 tỷ,"DT744, Xã Phú An, Thị xã Bến Cát, Bình Dương",125.30 m²,0.01 m,--,--,0
2.3 tỷ,"Lý Thái Tổ, Xã Lộc Tân, Huyện Bảo Lâm, Lâm Đồng",287 m²,--,--,--,1
850 triệu,"Đường số 1, Xã Lộc An, Huyện Bảo Lâm, Lâm Đồng",120 m²,24 m,5 m,--,1
1.3 tỷ,"Lý Thái Tổ, Xã Vạn Phú, Huyện Vạn Ninh, Khánh Hòa",108 m²,--,--,--,0
2.7 tỷ,"Quốc lộ 1A, Xã Hồng Thái, Huyện Bắc Bình, Bình Thuận","10,786 m²",--,--,--,0
1.3 tỷ,"DT716, Xã Hòa Thắng, Huyện Bắc Bình, Bình Thuận","8,000 m²",--,--,--,0
800 triệu,"Quốc lộ 1A, Xã Hồng Thái, Huyện Bắc Bình, Bình Thuận","4,678 m²",--,--,--,0
700 triệu,"Lê Quảng Trí, Phường Kỳ Phương, Thị xã Kỳ Anh, Hà Tĩnh",100 m²,20 m,5 m,--,1
5.4 tỷ,"804, Xã An Phú, Huyện Củ Chi, Hồ Chí Minh","2,700 m²",28 m,80 m,--,1
600 triệu,"Bến Đình, Thị trấn Bến Cầu, Huyện Bến Cầu, Tây Ninh",150 m²,30 m,5 m,--,1
1.8 tỷ,"Vĩnh Phúc 415, Xã Long Thượng, Huyện Cần Giuộc, Long An",80 m²,5 m,17 m,--,1
4.2 tỷ,"Yên Bài, Xã Yên Bài, Huyện Ba Vì, Hà Nội",540 m²,--,--,--,0
1.2 tỷ,"ĐT716, Xã Hồng Thái, Huyện Bắc Bình, Bình Thuận","20,000 m²",--,--,--,0
1.7 tỷ,"DT748, Xã An Điền, Thị xã Bến Cát, Bình Dương","1,000 m²",--,--,--,1
1.8 tỷ,"Quốc lộ 1A, Xã Hồng Thái, Huyện Bắc Bình, Bình Thuận","4,678 m²",--,--,Bắc,0
1.5 tỷ,"DT749, Xã Minh Hoà, Huyện Dầu Tiếng, Bình Dương","1,000 m²",--,--,--,0
980 triệu,"Ấp Đức Ngãi 2, Xã Đức Lập Thượng, Huyện Đức Hòa, Long An",80 m²,16 m,5 m,Đông,1
824 triệu,"Ql13, Xã Thanh Lương, Thị xã Bình Long, Bình Phước",120 m²,24 m,5 m,Đ.Nam,1
5.5 tỷ,"Đường số 36, Phường Linh Đông, Thành phố Thủ Đức, Hồ Chí Minh",75.20 m²,18.5 m,4 m,T.Nam,0
1.2 tỷ,"Hòa Thắng, Xã Hòa Thắng, Huyện Bắc Bình, Bình Thuận","8,000 m²",--,--,--,0
1.6 tỷ,"Đồng Khởi, Xã Quảng Thành, Thành phố Gia Nghĩa, Đắk Nông",600 m²,50 m,12 m,Đông,1
1.35 tỷ,"Hùynh Thị Hiếu , Phường Tân An, Thành phố Thủ Dầu Một, Bình Dương",124 m²,5 m,24 m,--,1
1.35 tỷ,"Gần cầu Xóm Thái, Thị trấn Liên Nghĩa, Huyện Đức Trọng, Lâm Đồng",123 m²,5 m,24 m,Đ.Bắc,1
636 triệu,"Đường Lộc Thanh, Xã Lộc Thanh, Thành phố Bảo Lộc, Lâm Đồng",200 m²,20 m,10 m,Đ.Nam,1
2.3 tỷ,"Quốc lộ 1A, Thị trấn Dầu Giây, Huyện Thống Nhất, Đồng Nai",90 m²,--,--,--,0
490 triệu,"Đường số 6, Thị trấn Chơn Thành, Huyện Chơn Thành, Bình Phước",250 m²,50 m,6 m,Nam,0
1.2 tỷ,"Nguyễn Trung Trực, Xã Long Cang, Huyện Cần Đước, Long An",100 m²,5 m,20 m,Nam,1
1.3 tỷ,"ĐH 507, Xã Tân Hiệp, Huyện Phú Giáo, Bình Dương","1,000 m²",20 m,60 m,--,1
950 triệu,"Tỉnh lộ 10, Xã Đức Hòa Đông, Huyện Đức Hòa, Long An",100 m²,16 m,5 m,--,1
680 triệu,"Ấp Tân Hòa, Xã Tân Bình, Thành phố Tây Ninh, Tây Ninh",150 m²,5 m,31 m,--,1
550 triệu,"Quốc lộ 14, Xã Đồng Tiến, Huyện Đồng Phú, Bình Phước",250 m²,5 m,50 m,Đông,1
455 triệu,"Đường Võ Tấn Đồ, Phường 4, Thành phố Tân An, Long An",75 m²,15 m,5 m,--,1
1.95 tỷ,"Đường Đại Thắng, Phường Hoà Nghĩa, Quận Dương Kinh, Hải Phòng",100 m²,20 m,5 m,--,1
850 triệu,"Xã Hồng Thái, Huyện Bắc Bình, Bình Thuận","4,678 m²",--,--,--,1
2.3 tỷ,"Khu Phố Lương Nam, Thị trấn Lương Sơn, Huyện Bắc Bình, Bình Thuận","16,000 m²",--,--,--,1
2.5 tỷ,"QL 1A, Xã Hồng Thái, Huyện Bắc Bình, Bình Thuận","20,000 m²",--,--,--,1
600 triệu,"QL1A, Xã Hồng Thái, Huyện Bắc Bình, Bình Thuận","5,000 m²",--,--,--,1
1.5 tỷ,"QL1A, Xã Hồng Thái, Huyện Bắc Bình, Bình Thuận","10,000 m²",--,--,--,1
5.2 tỷ,"Lê Văn Chí, Phường Linh Trung, Thành phố Thủ Đức, Hồ Chí Minh",89.60 m²,--,6.4 m,Nam,1
15.1 tỷ,"Hồ Văn Tư, Phường Trường Thọ, Thành phố Thủ Đức, Hồ Chí Minh",228.50 m²,28.65 m,7.26 m,Đ.Nam,1
5.21 tỷ,"Quốc lộ 1A, Xã Bình Thạnh, Huyện Tuy Phong, Bình Thuận","9,467 m²",103 m,96 m,Đông,1
300 triệu,"D9, Xã Tịnh Thọ, Huyện Sơn Tịnh, Quảng Ngãi",142 m²,30 m,5 m,Bắc,1
350 triệu,"Hoà Cường Nam, Xã Cốc Đán, Huyện Ngân Sơn, Bắc Kạn",212 m²,5 m,29.99 m,--,1
2 tỷ,"Quốc lộ 1A, Xã Hồng Thái, Huyện Bắc Bình, Bình Thuận","10,000 m²",--,--,--,0
1.1 tỷ,"Quốc lộ 1A, Xã Hồng Thái, Huyện Bắc Bình, Bình Thuận","10,022 m²",--,--,--,0
1.3 tỷ,"DT716, Xã Hồng Thái, Huyện Bắc Bình, Bình Thuận","8,129 m²",--,--,--,1
880 triệu,"QL1A, Xã Hồng Thái, Huyện Bắc Bình, Bình Thuận","4,946 m²",--,--,--,1
850 triệu,"Thôn Hồng Lâm, Xã Hồng Thái, Huyện Bắc Bình, Bình Thuận","4,678 m²",--,--,--,1
2.7 tỷ,"DT716, Xã Hồng Thái, Huyện Bắc Bình, Bình Thuận","16,282 m²",--,--,--,1
1.3 tỷ,"DT716, Xã Hồng Thái, Huyện Bắc Bình, Bình Thuận","8,047 m²",--,--,--,1
964 triệu,"QL1A, Xã Hồng Thái, Huyện Bắc Bình, Bình Thuận","3,856 m²",--,--,--,1
780 triệu,"Đại lộ trung tâm, Thị trấn Bến cầu, Huyện Bến Cầu, Tây Ninh",150 m²,30 m,5 m,--,0
1.4 tỷ,"Thôn Hồng Lâm, Xã Hòa Thắng, Huyện Bắc Bình, Bình Thuận","8,047 m²",--,--,--,1
520 triệu,"Hoàng Phan Thái, Xã Bình Chánh, Huyện Bình Chánh, Hồ Chí Minh",80 m²,16 m,5 m,--,1
9.2 tỷ,"Đường số 2, Phường Trường Thọ, Thành phố Thủ Đức, Hồ Chí Minh",215 m²,--,--,Đ.Nam,0
790 triệu,"16b, Xã Duy Thu, Huyện Duy Xuyên, Quảng Nam",250 m²,12 m,22 m,Đông,0
5.1 tỷ,"Đường số 22, Phường Linh Đông, Thành phố Thủ Đức, Hồ Chí Minh",79 m²,19.3 m,4.1 m,T.Nam,0
2.7 tỷ,"Nguyễn Văn Linh, Phường Phước Ninh, Quận Hải Châu, Đà Nẵng",66 m²,--,7 m,--,1
15 tỷ,"Cách Mạng Tháng 8, Phường Long Toàn, Thành phố Bà Rịa, Bà Rịa - Vũng Tàu",340 m²,52 m,7 m,Đ.Nam,1
3.3 tỷ,"391 Quốc lộ 20, Xã Phú Hội, Huyện Đức Trọng, Lâm Đồng",300 m²,60 m,5 m,Đông,1
1.9 tỷ,"DT741, Xã Vĩnh Hoà, Huyện Phú Giáo, Bình Dương","1,076 m²",--,--,--,1
1.8 tỷ,"DT741, Xã Tân Hiệp, Huyện Phú Giáo, Bình Dương","1,000 m²",--,--,--,1
3.6 tỷ,"Tân Quy Đông, Phường Tân Phong, Quận 7, Hồ Chí Minh",55 m²,15 m,5.49 m,--,1
470 triệu,"Tân Lợi, Xã Tân Lợi, Huyện Đồng Phú, Bình Phước","1,000 m²",10 m,100 m,Đ.Nam,0
1.66 tỷ,"Liên ấp 2-6, Xã Vĩnh Lộc A, Huyện Bình Chánh, Hồ Chí Minh",98 m²,19 m,5 m,--,1
1.2 tỷ,"Quốc lộ 1A, Xã Hồng Thái, Huyện Bắc Bình, Bình Thuận","10,022 m²",--,--,--,1
670 triệu,"51 Xô Viết, Phường Hòa Cường Nam, Quận Hải Châu, Đà Nẵng",82 m²,6 m,13 m,Đ.Bắc,1
558 triệu,"Ấp 4, Xã Minh Lập, Huyện Chơn Thành, Bình Phước",225 m²,5 m,45 m,Đ.Nam,1
321.72 triệu,"Xã Bình An, .Huyện Bắc Bình, Bình Thuận","2,298 m²",--,--,--,0
850 triệu,"ĐT8, Xã Long Cang, Huyện Cần Đước, Long An",140 m²,25 m,5 m,--,1
670 triệu,"Quốc lộ 14H, Xã Duy Trinh, Huyện Duy Xuyên, Quảng Nam",82 m²,13 m,8 m,Đông,1
1.5 tỷ,"Đường quốc lộ 2B, Thị trấn Hợp Châu, Huyện Tam Đảo, Vĩnh Phúc",100 m²,20 m,5 m,Đông,1
790 triệu,"Đường DT 826, Xã Long Trạch, Huyện Cần Đước, Long An",100 m²,5 m,20 m,--,1
9.7 tỷ,"Nguyễn Thị Rành, Xã An Nhơn Tây, Huyện Củ Chi, Hồ Chí Minh",763 m²,78 m,10 m,--,1
2.16 tỷ,"Đường số 14, Phường Tân Thành, Thành phố Cà Mau, Cà Mau",125 m²,25 m,5 m,T.Nam,1
1.65 tỷ,"391 Quốc lộ 20, Xã Phú Hội, Huyện Đức Trọng, Lâm Đồng",155 m²,14 m,11 m,Tây,1
3.2 tỷ,"Đường Bàu Sen, Xã Thanh Phước, Huyện Gò Dầu, Tây Ninh",860 m²,45 m,20 m,--,1
1.3 tỷ,"Võ tấn đồ, Phường 4, Thành phố Tân An, Long An",100 m²,5 m,--,T.Nam,0
1.3 tỷ,"Đường DT 769, Thị trấn Dầu Giây, Huyện Thống Nhất, Đồng Nai",140 m²,28 m,5 m,T.Nam,1
9.05 tỷ,"Đường N5, Xã Long Đức, Huyện Long Thành, Đồng Nai",317.50 m²,21 m,15.5 m,Đ.Nam,1
1.8 tỷ,"Đường ĐT 830, Xã Hựu Thạnh, Huyện Đức Hòa, Long An",100 m²,--,--,--,1
2.5 tỷ,"QL1A, Xã Hồng Thái, Huyện Bắc Bình, Bình Thuận","20,000 m²",--,--,--,1
842 triệu,"QL1, Xã Hồng Thái, Huyện Bắc Bình, Bình Thuận","4,678 m²",100 m,46.78 m,--,0
1.25 tỷ,"Khu dân cư 1B, Thị trấn Cần Đước, Huyện Cần Đước, Long An",103 m²,5 m,20 m,--,1
1.3 tỷ,"DT716, Xã Hồng Thái, Huyện Bắc Bình, Bình Thuận","8,170 m²",--,--,--,1
1.35 tỷ,"Đường 409, Xã Phước Vĩnh An, Huyện Củ Chi, Hồ Chí Minh",100 m²,--,--,--,1
1.2 tỷ,"ĐT716, Xã Hồng Thái, Huyện Bắc Bình, Bình Thuận","10,022 m²",--,--,--,1
880.48 triệu,"QL1A, Xã Hồng Thái, Huyện Bắc Bình, Bình Thuận","6,773 m²",100 m,67.73 m,--,0
880 triệu,"QL1A, Xã Hồng Thái, Huyện Bắc Bình, Bình Thuận","6,773 m²",--,--,--,1
842 triệu,"ĐT716, Xã Hồng Thái, Huyện Bắc Bình, Bình Thuận","4,678 m²",--,--,--,1
450 triệu,"Quyết Tiến, Phường Hợp Đức, Quận Đồ Sơn, Hải Phòng",41 m²,--,4.8 m,--,1
4.1 tỷ,"Linh Đông, Phường Linh Đông, Thành phố Thủ Đức, Hồ Chí Minh",54.60 m²,11.5 m,4.5 m,T.Bắc,0
4.35 tỷ,"Đường số 8, Phường Linh Đông, Thành phố Thủ Đức, Hồ Chí Minh",63 m²,14 m,4.5 m,T.Bắc,1
28.5 tỷ,"Nguyễn Đình Thi, Phường Thụy Khuê, Quận Tây Hồ, Hà Nội",60 m²,--,--,--,0
749 triệu,"QL1A, Xã Phan Rí Thành, Huyện Bắc Bình, Bình Thuận","3,568 m²",--,--,--,1
15.1 tỷ,"Hồ Văn Tư, Phường Trường Thọ, Thành phố Thủ Đức, Hồ Chí Minh",228.50 m²,28.65 m,7.26 m,Đ.Nam,1
1.4 tỷ,"Đoàn Thị Điểm, Xã Lộc Đức, Huyện Bảo Lâm, Lâm Đồng",150 m²,30 m,5 m,Đ.Nam,1
665 triệu,"DT756, Xã Quang Minh, Huyện Chơn Thành, Bình Phước",230 m²,--,--,--,1
880 triệu,"Đức Hòa Thượng, Xã Đức Hòa Thượng, Huyện Đức Hòa, Long An",80 m²,--,--,--,0
2.54 tỷ,"Trung Nghĩa, Phường Hợp Đức, Quận Đồ Sơn, Hải Phòng",130 m²,26 m,5 m,--,1
420 triệu,"Đường Quốc Lộ 13, Xã Lộc Thạnh, Huyện Lộc Ninh, Bình Phước",315 m²,12 m,26 m,--,1
1.4 tỷ,"Tỉnh Lộ 131, Xã Quang Tiến, Huyện Sóc Sơn, Hà Nội",63 m²,--,--,--,1
1.13 tỷ,"QL1A, Xã Hồng Liêm, Huyện Hàm Thuận Bắc, Bình Thuận","3,528.90 m²",--,--,--,1
830 triệu,"DT751, Xã Minh Long, Huyện Chơn Thành, Bình Phước",200 m²,40 m,5 m,--,1
650 triệu,"Đường Hùng Vương, Thị Trấn Ái Nghĩa, Huyện Đại Lộc, Quảng Nam",175 m²,5 m,35 m,--,1
400 triệu,"Phường 6, Thành phố Tân An, Long An",90 m²,--,--,--,0
430 triệu,"QL13, Xã Lộc Hưng, Huyện Lộc Ninh, Bình Phước",180 m²,30 m,6 m,--,1
880.48 triệu,"Quốc Lộ 1A, Xã Hồng Thái, Huyện Bắc Bình, Bình Thuận","6,773 m²",--,--,--,0
1.7 tỷ,"Nguyễn Thị Thạo, Xã Phước Hiệp, Huyện Củ Chi, Hồ Chí Minh",169 m²,34 m,5 m,--,0
3.3 tỷ,"Buôn Ju, Xã Ea Tu, Thành phố Buôn Ma Thuột, Đắk Lắk","1,200 m²",21 m,50 m,--,0
2.34 tỷ,"Thị trấn Dầu Giây, Huyện Thống Nhất, Đồng Nai",90 m²,18 m,5 m,Nam,1
1.88 tỷ,"Xã Định Trung, Xã Định Trung, Thành phố Vĩnh Yên, Vĩnh Phúc",99 m²,16 m,6 m,Nam,1
4.5 tỷ,"Xã Ea Ning, Huyện Cư Kuin, Đắk Lắk","6,000 m²",--,--,--,0
15.5 triệu,"Lương Văn Nho, Xã Long Hòa, Huyện Cần Giờ, Hồ Chí Minh",907 m²,--,--,--,0
1 tỷ,"4D, Xã Tả Phìn, Thị xã Sa Pa, Lào Cai","1,800 m²",--,--,--,1
1.3 tỷ,"Hoa Thám, Xã La Phù, Huyện Hoài Đức, Hà Nội",30.60 m²,7.6 m,4 m,Đ.Nam,1
1.9 tỷ,"Quốc lộ 37, Xã Bắc Lũng, Huyện Lục Nam, Bắc Giang",90 m²,20 m,4.5 m,Bắc,1
1.49 tỷ,"DT725, Xã Đông Thanh, Huyện Lâm Hà, Lâm Đồng",353 m²,35 m,10 m,--,1
55 tỷ,"Ấp Đồi Rìu, Xã Hàng Gòn, Thành phố Long Khánh, Đồng Nai","23,000 m²",--,240 m,Bắc,0
900 triệu,"Tỉnh lộ 10, Xã Đức Hòa Đông, Huyện Đức Hòa, Long An",80 m²,16 m,4.99 m,--,1
1.28 tỷ,"Ấp 7, Xã Phú Tân, Huyện Định Quán, Đồng Nai","2,433 m²",67 m,37 m,--,1
2 tỷ,"Đường Lê Hữu Tựu, Xã Nguyên Khê, Huyện Đông Anh, Hà Nội",58 m²,--,--,--,1
1.5 tỷ,"Đường Vân Trì, Xã Vân Nội, Huyện Đông Anh, Hà Nội",40 m²,--,--,--,1
590 triệu,"DT757, Xã Lộc Khánh, Huyện Lộc Ninh, Bình Phước",268 m²,53.6 m,4.96 m,Đ.Nam,1
589.6 triệu,"Quốc lộ 13, Xã Lộc Khánh, Huyện Lộc Ninh, Bình Phước",268 m²,--,--,--,1
4.3 tỷ,"Đường số 8, Phường Linh Xuân, Thành phố Thủ Đức, Hồ Chí Minh",117 m²,4.5 m,26 m,Đ.Nam,0
5.5 tỷ,"Đường số 24, Phường Linh Đông, Thành phố Thủ Đức, Hồ Chí Minh",80 m²,19.5 m,4.01 m,Tây,1
600 triệu,"Tân Lợi, Xã Tân Hưng, Huyện Đồng Phú, Bình Phước","1,000 m²",66 m,16 m,Bắc,1
380 triệu,"Vĩnh Lộc, Xã Vĩnh Lộc B, Huyện Bình Chánh, Hồ Chí Minh",48 m²,12 m,4 m,--,1
1.66 tỷ,"Liên ấp 2-6, Xã Vĩnh Lộc A, Huyện Bình Chánh, Hồ Chí Minh",98 m²,20 m,5 m,--,1
550 triệu,"Quốc lộ 14, Xã Tân Hưng, Huyện Hớn Quản, Bình Phước",250 m²,5 m,50 m,Đông,1
3.9 tỷ,"Đường số 8, Phường Linh Đông, Thành phố Thủ Đức, Hồ Chí Minh",52 m²,13 m,4 m,Nam,0
1.2 tỷ,"Tiến Thành, Thị Xã Đồng Xoài, Bình Phước",192 m²,6 m,24 m,Đ.Nam,1
418 triệu,"Quốc Lộ 13, Xã Lộc Thạnh, Huyện Lộc Ninh, Bình Phước","1,000 m²",14 m,72 m,--,1
7.35 tỷ,"Đường số 34, Phường Linh Đông, Thành phố Thủ Đức, Hồ Chí Minh",102 m²,20.8 m,5 m,--,1
1.35 tỷ,"DH704, Xã Định Hiệp, Huyện Dầu Tiếng, Bình Dương",231 m²,21 m,11 m,--,1
8.5 tỷ,"Lê Văn Chí, Phường Linh Trung, Thành phố Thủ Đức, Hồ Chí Minh",95 m²,23.7 m,4 m,Nam,1
400 triệu,"Đường rộng 24M, Thị trấn Bến Lức, Huyện Bến Lức, Long An",90 m²,--,--,--,1
2.3 tỷ,"Tân Lợi, Đồng Phú, Bình Phước, Xã Tân Lợi, Huyện Đồng Phú, Bình Phước","1,000 m²",100 m,20 m,Đ.Bắc,1
890.28 triệu,"Quốc Lộ 1A, Xã Hồng Thái, Huyện Bắc Bình, Bình Thuận","4,946 m²",--,--,--,0
2.41 tỷ,"Quốc Lộ 1A, Thị trấn Lương Sơn, Huyện Bắc Bình, Bình Thuận","19,316 m²",--,--,--,0
555 triệu,"Quốc lộ 14, Xã Tân Hưng, Huyện Hớn Quản, Bình Phước",250 m²,5 m,40 m,Đông,1
550 triệu,"Ấp Sóc Tranh, Phước An - Nha Bích, Xã Phước An, Huyện Hớn Quản, Bình Phước",200 m²,40 m,5 m,--,1
590 triệu,"Quốc lộ 22, Thị trấn Bến Cầu, Huyện Bến Cầu, Tây Ninh",150 m²,30 m,5 m,--,1
430 triệu,"QL 14C, Xã Long Chữ, Huyện Bến Cầu, Tây Ninh",164.80 m²,5 m,35 m,--,0
25 tỷ,"An Thượng 34, Phường Mỹ An, Quận Ngũ Hành Sơn, Đà Nẵng",180 m²,18 m,10 m,Bắc,1
1.59 tỷ,"Châu Pha - Bà Rịa, Xã Châu Pha, Thị xã Phú Mỹ, Bà Rịa - Vũng Tàu",130 m²,25 m,5 m,--,1
322 triệu,"QL1A, Xã Bình An, Huyện Bắc Bình, Bình Thuận","2,298 m²",--,--,--,0
1.13 tỷ,"Đường QL1A, Xã Hồng Liêm, Huyện Hàm Thuận Bắc, Bình Thuận","3,528.90 m²",--,--,--,1
185 triệu,"DT751, Xã Minh Long, Huyện Chơn Thành, Bình Phước",403 m²,40.3 m,10 m,--,1
520 triệu,"Liên ấp 2-6, Xã Vĩnh Lộc A, Huyện Bình Chánh, Hồ Chí Minh",40 m²,10 m,3.99 m,--,1
1.6 tỷ,"Liên Khu 6-2, Bình Chánh , Hồ Chí Minh, -Dự án-, Xã Vĩnh Lộc A, Huyện Bình Chánh, Hồ Chí Minh",98 m²,19 m,5 m,--,1
2 tỷ,"An Nhơn Tây, Xã An Nhơn Tây, Huyện Củ Chi, Hồ Chí Minh",110 m²,22 m,5 m,--,1
1.47 tỷ,"Đường Châu Pha bà rịa, Xã Châu Pha, Thị xã Phú Mỹ, Bà Rịa - Vũng Tàu",210 m²,30 m,7 m,Tây,1
590 triệu,"Dt782, Xã Bàu Đồn, Huyện Gò Dầu, Tây Ninh",155 m²,31 m,5 m,--,0
--,--,--,--,--,--,0
786.5 triệu,"DT756, Xã Tân Quan, Huyện Hớn Quản, Bình Phước",605 m²,75 m,8 m,Đ.Bắc,1
525 triệu,"Quốc lộ 13, Thị trấn Chơn Thành, Huyện Chơn Thành, Bình Phước",150 m²,30 m,5 m,--,1
1.95 tỷ,"Phan Thái Quý, khu phố 5, Phường An Hòa, Thành phố Rạch Giá, Kiên Giang",138 m²,28 m,5 m,Đ.Bắc,1
7.2 tỷ,"Đường Mỹ Xuân Ngãi Giao, phường Mỹ Xuân, thị xã Phú Mỹ, Bà Rịa - Vũng Tàu",318 m²,53 m,6 m,Đ.Nam,1
890.28 triệu,"Khu Lê, Xã Hồng Thái, Huyện Bắc Bình, Bình Thuận","4,946 m²",--,--,--,0
700 triệu,"Bờ bao thị trấn, Thị trấn Bến Cầu, Huyện Bến Cầu, Tây Ninh",150 m²,30 m,5 m,--,1
350 triệu,"DH9, Xã Phước Ninh, Huyện Dương Minh Châu, Tây Ninh",150 m²,6 m,25 m,--,1
2.2 tỷ,"Đại Lộ Bình Dương, Phường Tân Định, Thị xã Bến Cát, Bình Dương",188 m²,--,--,--,0
300 triệu,"DT 781, Xã Phước Ninh, Huyện Dương Minh Châu, Tây Ninh",150 m²,30 m,5 m,--,1
4.4 tỷ,"QL30, Thị trấn Thanh Bình, Huyện Thanh Bình, Đồng Tháp",599.40 m²,66.7 m,9 m,--,1
12.24 tỷ,"Phạm Hữu Lầu, Xã Phước Kiển, Huyện Nhà Bè, Hồ Chí Minh",153 m²,17 m,9 m,Bắc,1
1.55 tỷ,"Xã Phương Trà, Huyện Cao Lãnh, Đồng Tháp",254.90 m²,30 m,8.5 m,--,1
1.2 tỷ,"Võ Thị Sáu, Thị trấn Mỹ An, Huyện Tháp Mười, Đồng Tháp",63 m²,14 m,4.5 m,--,1
3.8 tỷ,"DT843, Xã Tân Phú, Huyện Thanh Bình, Đồng Tháp",650 m²,36 m,20 m,--,1
1.3 tỷ,"Đường TDC 2B, Thị trấn Thanh Bình, Huyện Thanh Bình, Đồng Tháp",90 m²,18 m,5 m,--,1
700 triệu,"Đường ĐH Tân Lợi, Xã Tân Lợi, Huyện Đồng Phú, Bình Phước","1,000 m²",75 m,75 m,Tây,1
7.8 tỷ,"Xã Tân Thuận Tây, Thành phố Cao Lãnh, Đồng Tháp",590.60 m²,19.68 m,28.8 m,--,0
1.77 tỷ,"Xã Bình Thành, Xã Bình Thành, Huyện Thanh Bình, Đồng Tháp","2,956.20 m²",79 m,35 m,--,0
2.25 tỷ,"Xã Thanh Mỹ, Xã Thanh Mỹ, Huyện Tháp Mười, Đồng Tháp","2,288 m²",30.67 m,16 m,Đông,1
750 triệu,"741, Xã Tân Hiệp, Huyện Phú Giáo, Bình Dương","1,000 m²",84 m,12 m,--,1
1.14 tỷ,"DT725, Xã Lộc Ngãi, Huyện Bảo Lâm, Lâm Đồng",500 m²,26 m,20 m,--,1
2.75 tỷ,"Ấp Bình Trung, Xã Bình Thành, Huyện Thanh Bình, Đồng Tháp","11,000 m²",265 m,42 m,Đông,0
1.2 tỷ,"Tổ 34-35, Thị trấn Liên Nghĩa, Huyện Đức Trọng, Lâm Đồng",112 m²,5 m,22.5 m,Đ.Bắc,1
1 tỷ,"Tỉnh Lộ 7, Xã Thái Mỹ, Huyện Củ Chi, Hồ Chí Minh",150 m²,20 m,7.5 m,--,1
846.3 triệu,"Dt725, Xã Lộc Tân, Huyện Bảo Lâm, Lâm Đồng",136.50 m²,--,--,--,1
420 triệu,"796, Xã Ninh Điền, Huyện Châu Thành, Tây Ninh",175 m²,--,--,--,0
450 triệu,"QL13, Xã Lộc Hưng, Huyện Lộc Ninh, Bình Phước",150 m²,30 m,5 m,--,1
880 triệu,"824, Xã Đức Hòa Thượng, Huyện Đức Hòa, Long An",80 m²,--,--,--,0
380 triệu,"Xã Tân Lợi, Huyện Đồng Phú, Bình Phước","1,000 m²",10 m,100 m,Đ.Bắc,1
630 triệu,"Hùng Vương, Xã Thanh Phước, Huyện Gò Dầu, Tây Ninh",140 m²,5 m,28 m,--,0
1.5 tỷ,"Quốc Lộ 14, Thị trấn Chơn Thành, Huyện Chơn Thành, Bình Phước",150 m²,30 m,5 m,--,1
3.2 tỷ,"Đường Tỉnh Lộ , Xã Tân Minh, Huyện Sóc Sơn, Hà Nội",224 m²,11.54 m,14.15 m,--,0
1.5 tỷ,"Lý Thái Tổ, Xã Lộc Tân, Huyện Bảo Lâm, Lâm Đồng",187 m²,--,--,--,1
7.7 tỷ,"Đường Tỉnh Lộ , Xã Bắc Phú, Huyện Sóc Sơn, Hà Nội",550 m²,--,--,--,0
1.7 tỷ,"Đường 310, xã Minh Quang, huyện Tam Đảo, Vĩnh Phúc",100 m²,20 m,5 m,Bắc,1
37.4 tỷ,"Đướng nhánh trương văn đa, Xã Tân Nhựt, Huyện Bình Chánh, Hồ Chí Minh","11,333 m²",--,--,--,0
600 triệu,"Đường Hùng Vương, Thị Trấn Ái Nghĩa, Huyện Đại Lộc, Quảng Nam",150 m²,30 m,5 m,--,1
900 triệu,"Tân Hưng, Đồng Phú, Bình Phước, Xã Tân Hưng, Huyện Đồng Phú, Bình Phước","1,000 m²",66 m,16 m,Đ.Bắc,1
13 tỷ,"Đường số 11, Phường Trường Thọ, Thành phố Thủ Đức, Hồ Chí Minh",138.20 m²,22 m,6 m,T.Bắc,0
5.5 tỷ,"Đường số 12, Phường Trường Thọ, Thành phố Thủ Đức, Hồ Chí Minh",62.60 m²,15.75 m,4.02 m,T.Nam,1
1.36 tỷ,"Tiên dương , Xã Tiên Dương, Huyện Đông Anh, Hà Nội",40 m²,--,--,--,1
5.45 tỷ,"Lê Văn Chí, Phường Linh Trung, Thành phố Thủ Đức, Hồ Chí Minh",58 m²,15 m,4 m,Đ.Nam,1
9.95 tỷ,"236/39 Thống Nhất Phường 10 Quận Gò Vấp, Xã Bình Thạnh, Huyện Tuy Phong, Bình Thuận","150,000 m²",--,--,--,1
639 triệu,"Quốc lộ 13, Xã Lộc Thạnh, Huyện Lộc Ninh, Bình Phước",315 m²,30 m,10 m,--,1
1 tỷ,"Dầu Giây. Thống Nhất. Đồng Nai, Thị trấn Dầu Giây, Huyện Thống Nhất, Đồng Nai",90 m²,18 m,5 m,--,1
250 triệu,"DT 758 , Xã Tân Hưng, Huyện Hớn Quản, Bình Phước",200 m²,5 m,40 m,Đông,1
785.2 triệu,"DT756, Xã Tân Quan, Huyện Hớn Quản, Bình Phước",604 m²,8 m,69.99 m,--,1
1.8 tỷ,"Đường ĐT 830, Xã Hựu Thạnh, Huyện Đức Hòa, Long An",100 m²,5 m,20 m,Đ.Nam,1
625 triệu,"QL13, Xã Lộc Hưng, Huyện Lộc Ninh, Bình Phước",163 m²,40 m,5 m,--,1
3.2 tỷ,"Đường sông Xoài - Cù Bị, xã Sông Xoài, thị xã Phú Mỹ, Bà Rịa - Vũng Tàu",220 m²,26 m,9 m,Đông,1
6.52 tỷ,"Đường Quốc lộ 21, Xã Cổ Đông, Thị xã Sơn Tây, Hà Nội",343 m²,35 m,10 m,Đ.Nam,1
4.5 tỷ,"Đường Dân Chủ, phường Hoà Phú, Thành phố Thủ Dầu Một, Bình Dương",144 m²,5 m,16 m,Đ.Nam,1
990 triệu,"Quốc lộ 14, Xã Minh Thành, Huyện Chơn Thành, Bình Phước",100 m²,--,--,--,1
780 triệu,"391 Quốc lộ 20, Liên Nghĩa, Đức Trọng, Lâm Đồng, Xã Đạ Ròn, Huyện Đơn Dương, Lâm Đồng",175 m²,25 m,7 m,Tây,0
3.1 tỷ,"Quốc lộ 13, Xã Tân Thành, Huyện Bù Đốp, Bình Phước","5,300 m²",46 m,88 m,--,1
1.4 tỷ,"Đoàn Thị Điểm, Xã Lộc Đức, Huyện Bảo Lâm, Lâm Đồng",150 m²,30 m,5 m,Nam,1
880 triệu,"Đường sô 9, Xã Hồng Thái, Huyện Bắc Bình, Bình Thuận","6,773 m²",--,--,--,0
3.1 tỷ,"Đường quốc lộ 13, Xã Tân Thành, Huyện Bù Đốp, Bình Phước","5,300 m²",46 m,88 m,--,0
2.6 tỷ,"Đường châu văn biếc, Phường Mỹ Xuân, Thị xã Phú Mỹ, Bà Rịa - Vũng Tàu",100 m²,20 m,5 m,Đ.Bắc,1
600 triệu,"Đường Hùng Vương, Thị Trấn Ái Nghĩa, Huyện Đại Lộc, Quảng Nam",150 m²,30 m,5 m,--,1
600 triệu,"Đường Hùng Vương, Thị Trấn Ái Nghĩa, Huyện Đại Lộc, Quảng Nam",150 m²,30 m,5 m,--,1
7.2 tỷ,"Kiệt 6m Nguyễn Văn Thoại, Phường Mỹ An, Quận Ngũ Hành Sơn, Đà Nẵng",110 m²,15.7 m,7 m,--,0
2.3 tỷ,"QL50, Xã Tân Lân, Huyện Cần Đước, Long An",158 m²,16 m,10 m,Đ.Nam,1
7.38 tỷ,"Đường Yên Bình, Xã Yên Bình, Huyện Thạch Thất, Hà Nội","1,342 m²",45 m,--,--,0
4.3 tỷ,"Đường 81, Xã Tóc Tiên, Thị xã Phú Mỹ, Bà Rịa - Vũng Tàu","1,077 m²",68 m,10 m,Đ.Nam,1
640 triệu,"Đt 605, Xã Điện Hồng, Thị xã Điện Bàn, Quảng Nam",175 m²,5 m,35 m,--,1
660 triệu,"Đường 332, Xã Tân Phước, Huyện Đồng Phú, Bình Phước",250 m²,5 m,50 m,Đông,1
4.3 tỷ,"Quốc lộ 51, Phường Phước Hoà, Thị xã Phú Mỹ, Bà Rịa - Vũng Tàu",145 m²,29 m,5 m,--,1
1.85 tỷ,"Đường số 409, Xã Phước Vĩnh An, Huyện Củ Chi, Hồ Chí Minh",100 m²,--,--,--,1
485 triệu,"Đức Hòa Thượng, Xã Đức Hòa Thượng, Huyện Đức Hòa, Long An",75 m²,--,--,--,0
730 triệu,"Tân Lợi, Đồng Phú, Bình Phước, Xã Tân Lợi, Huyện Đồng Phú, Bình Phước","1,000 m²",100 m,20 m,T.Nam,1
30 tỷ,"xã Long Sơn, huyện Cần Đước, Long An","4,500 m²",52 m,29 m,--,1
750 triệu,"DH412 Phường Uyên Hưng Tân Uyên Bình Dương, Phường Uyên Hưng, Thị xã Tân Uyên, Bình Dương",70 m²,--,--,--,0
990 triệu,"Hoàng Phan Thái, xã Bình Chánh, huyện Bình Chánh, Hồ Chí Minh",100 m²,20 m,5 m,--,1
1.3 tỷ,"Đường ĐT 830, Xã Hựu Thạnh, Huyện Đức Hòa, Long An",90 m²,--,--,Đ.Nam,1
14.8 tỷ,"Chu Văn An, Phường 26, Quận Bình Thạnh, Hồ Chí Minh",148.60 m²,5.7 m,26 m,--,1
400 triệu,"DT741, Xã Tân Lợi, Huyện Đồng Phú, Bình Phước","1,000 m²",15 m,70 m,--,1
1.3 tỷ,"Võ tấn đồ, Phường 4, Thành phố Tân An, Long An",90 m²,5 m,20 m,--,1
1.34 tỷ,"Bon Đắk Rmoan, Xã Đăk R'Moan, Thành phố Gia Nghĩa, Đắk Nông","2,685 m²",--,--,--,1
1.43 tỷ,"Đường Tam Lộng, Xã Hương Sơn, Huyện Bình Xuyên, Vĩnh Phúc",100 m²,20 m,5 m,Bắc,1
1.7 tỷ,"Đường Phan Kế Bính, Phường Điện Ngọc, Thị xã Điện Bàn, Quảng Nam",130 m²,22 m,6 m,--,1
1.85 tỷ,"Hán Lữ, Phường Khai Quang, Thành phố Vĩnh Yên, Vĩnh Phúc",110 m²,22 m,5 m,--,1
615 triệu,"QL 13, Xã Lộc Thạnh, Huyện Lộc Ninh, Bình Phước",163 m²,32 m,5 m,--,1
640 triệu,"ĐT 605, Xã Điện Hồng, Thị xã Điện Bàn, Quảng Nam",175 m²,35 m,5 m,--,1
1.28 tỷ,"DT725, Xã Lộc Ngãi, Huyện Bảo Lâm, Lâm Đồng",554 m²,--,--,--,1
1.45 tỷ,"Quỳnh Hoàng, Xã Nam Sơn, Huyện An Dương, Hải Phòng",51 m²,--,4.5 m,Bắc,1
550 triệu,"Tân Lợi, Đồng Phú, Bình Phước, Xã Tân Phước, Huyện Đồng Phú, Bình Phước","1,000 m²",100 m,10 m,T.Nam,1
420 triệu,"Quốc lộ 13, Xã Lộc Thạnh, Huyện Lộc Ninh, Bình Phước",150 m²,30 m,5 m,--,1
680 triệu,"Quốc lộ 22, Thị trấn Gò Dầu, Huyện Gò Dầu, Tây Ninh",200 m²,--,--,--,1
2 tỷ,"Thôn Đồng , Xã Nguyên Khê, Huyện Đông Anh, Hà Nội",58 m²,--,--,Tây,1
3.8 tỷ,"Hồ Văn Tư, Phường Trường Thọ, Thành phố Thủ Đức, Hồ Chí Minh",45 m²,5.3 m,8.5 m,--,1
842.69 triệu,"QL1A, Thị trấn Chợ Lầu, Huyện Bắc Bình, Bình Thuận","4,957 m²",--,--,--,1
3.3 tỷ,"Đường số 11, Phường Bình Thọ, Thành phố Thủ Đức, Hồ Chí Minh",71 m²,17.6 m,4 m,T.Bắc,1
4.5 tỷ,"Quốc lộ 51, Phường Phú Mỹ, Thị xã Phú Mỹ, Bà Rịa - Vũng Tàu",125 m²,5 m,25 m,--,1
1.3 tỷ,"Võ Văn Kiệt, Xã Sông Xoài, Thị xã Phú Mỹ, Bà Rịa - Vũng Tàu",200 m²,5 m,40 m,--,1
2.51 tỷ,"Quốc Lộ 20, Xã Bàu Hàm 2, Huyện Thống Nhất, Đồng Nai","1,200 m²",40 m,30 m,Nam,1
480 triệu,"B601, Xã Điện Trung, Thị xã Điện Bàn, Quảng Nam",120 m²,5 m,23 m,--,1
834.96 triệu,"Quốc Lộ 1A, Xã Hòa Thắng, Huyện Bắc Bình, Bình Thuận","6,958 m²",--,--,--,0
418.95 triệu,"Quốc lộ 13, Xã Lộc Thạnh, Huyện Lộc Ninh, Bình Phước",150 m²,5 m,30 m,--,1
1.02 tỷ,"Đường Đại lộ Thăng Long, Xã Phú Cát, Huyện Quốc Oai, Hà Nội",60 m²,14 m,5 m,--,1
1.89 tỷ,"Quốc lộ 20, Xã Lộc Tân, Huyện Bảo Lâm, Lâm Đồng",236 m²,--,--,--,1
1.6 tỷ,"Quốc lộ 20, Xã Lộc Tân, Huyện Bảo Lâm, Lâm Đồng",178 m²,--,--,--,1
1.75 tỷ,"Hoàng Hoa Thám, Phường 10, Thành phố Đà Lạt, Lâm Đồng",50 m²,5 m,50.01 m,--,0
500 triệu,"Đường quốc lộ 13 - Xã Tân Hiệp - Huyện Hớn Quản - Tỉnh Bình Phước, Xã Tân Hiệp, Huyện Hớn Quản, Bình Phước","1,000 m²",50 m,20 m,Đông,1
4.73 tỷ,"Khe Sanh, Phường 10, Thành phố Đà Lạt, Lâm Đồng",326 m²,12 m,--,--,0
780 triệu,"DT756, Xã Minh Lập, Huyện Chơn Thành, Bình Phước",600 m²,10 m,60 m,--,1
935 triệu,"Âu Cơ, Xã Tân Lạc, Huyện Bảo Lâm, Lâm Đồng",170 m²,--,--,--,0
2.88 tỷ,"Thuận an hoà, Phường Thuận Giao, Thành phố Thuận An, Bình Dương",80 m²,4.5 m,18 m,Đ.Nam,1
2 tỷ,"ĐT824, Xã Hựu Thạnh, Huyện Đức Hòa, Long An",200 m²,20 m,10 m,--,1
2.52 tỷ,"391 Quốc lộ 20, Liên Nghĩa, Đức Trọng, Lâm Đồng, Xã Ka Đô, Huyện Đơn Dương, Lâm Đồng","2,800 m²",30 m,80 m,--,1
2.25 tỷ,"391 Quốc lộ 20, Xã Phúc Thọ, Huyện Lâm Hà, Lâm Đồng","1,000 m²",19 m,65 m,Nam,0
490 triệu,"Tân Lợi, Đồng Phú, Bình Phước, Xã Tân Lợi, Huyện Đồng Phú, Bình Phước","1,000 m²",100 m,10 m,Đ.Nam,1
487.2 triệu,"Xã Đức Chánh, Huyện Mộ Đức, Quảng Ngãi",203 m²,--,--,--,0
4.1 tỷ,"ĐT825, Xã Đức Hòa Thượng, Huyện Đức Hòa, Long An","1,080 m²",24 m,45 m,--,1
1.6 tỷ,"Tỉnh lộ 824, Xã Đức Hòa Hạ, Huyện Đức Hòa, Long An",200 m²,40 m,5 m,Đông,1
1.35 tỷ,"Hương lộ 2, Phường Bình Trị Đông A, Quận Bình Tân, Hồ Chí Minh",50 m²,--,--,--,1
550 triệu,"DT756, Xã Tân Hưng, Huyện Hớn Quản, Bình Phước",200 m²,40 m,5 m,--,1
5.6 tỷ,"Đường số 22, Phường Linh Đông, Thành phố Thủ Đức, Hồ Chí Minh",80 m²,20 m,4 m,T.Bắc,1
610 triệu,"Tỉnh lộ 8, Xã Đức Lập Thượng, Huyện Đức Hòa, Long An",80 m²,16 m,5 m,--,1
950 triệu,"DT 753, Xã Tân Hưng, Huyện Đồng Phú, Bình Phước","1,000 m²",60 m,17 m,T.Bắc,1
647.5 triệu,"DT605, Xã Điện Hồng, Thị xã Điện Bàn, Quảng Nam",175 m²,5 m,35 m,--,1
1.8 tỷ,"Dầu Giây, Thị trấn Dầu Giây, Huyện Thống Nhất, Đồng Nai",90 m²,--,--,--,0
9 tỷ,"Cây Keo, Phường Tam Phú, Thành phố Thủ Đức, Hồ Chí Minh",94 m²,18.8 m,5 m,--,1
770 triệu,"107, Xã Ngọc Định, Huyện Định Quán, Đồng Nai","1,100 m²",17.3 m,65 m,Bắc,1
665 triệu,"Hùng Vương, Thị Trấn Ái Nghĩa, Huyện Đại Lộc, Quảng Nam",175 m²,35 m,5 m,--,1
1.3 tỷ,"Lý Thái Tổ, Xã Vạn Phước, Huyện Vạn Ninh, Khánh Hòa",108 m²,--,--,--,0
450 triệu,"DT 781, Xã Phước Ninh, Huyện Dương Minh Châu, Tây Ninh",150 m²,30 m,5 m,--,1
2.07 tỷ,"DG, Phường Thới Hòa, Thị xã Bến Cát, Bình Dương",186 m²,31 m,6 m,--,1
545.1 triệu,"Quốc lộ 13, Thị trấn Tân Khai, Huyện Hớn Quản, Bình Phước",230 m²,46 m,5 m,--,1
514.9 triệu,"Quốc lộ 14, Xã Minh Thắng, Huyện Chơn Thành, Bình Phước",190 m²,5 m,38 m,--,1
14.45 tỷ,"Quốc lộ 45, Xã Quảng Yên, Huyện Quảng Xương, Thanh Hóa",135 m²,18 m,7 m,T.Nam,0
65.8 tỷ,"Võ Nguyên Giáp, Phường Phước Tân, Thành phố Biên Hòa, Đồng Nai","9,400 m²",82.14 m,114.52 m,--,1
7.2 tỷ,"An Thượng 24, Phường Mỹ An, Quận Ngũ Hành Sơn, Đà Nẵng",108 m²,15.5 m,7 m,--,1
6.2 tỷ,"Đường số 9, Phường Trường Thọ, Thành phố Thủ Đức, Hồ Chí Minh",76.20 m²,18.3 m,4.15 m,T.Bắc,1
560 triệu,"Đường liên huyện , Xã Tân Lợi, Huyện Đồng Phú, Bình Phước","1,000 m²",20 m,60 m,--,0
1.76 tỷ,"Ngọc Lâm, Xã Ngọc Lâm, Thị xã Mỹ Hào, Hưng Yên",110 m²,19 m,6 m,--,1
5.11 tỷ,"Võ Văn Ngân, Phường Trường Thọ, Thành phố Thủ Đức, Hồ Chí Minh",50.10 m²,10.1 m,5 m,Đ.Bắc,1
3.6 tỷ,"TDC Hòa Nghĩa, Phường Hoà Nghĩa, Quận Dương Kinh, Hải Phòng",200 m²,20 m,10 m,--,1
800 triệu,"DT756, Xã Tân Hưng, Huyện Hớn Quản, Bình Phước",500 m²,50 m,10 m,--,1
480 triệu,"B601, Xã Điện Trung, Thị xã Điện Bàn, Quảng Nam",120 m²,5 m,24 m,--,1
7.5 tỷ,"391 Quốc lộ 20, Xã Lạc Lâm, Huyện Đơn Dương, Lâm Đồng","2,200 m²",25 m,78 m,--,1
1.7 tỷ,"Dt725, Xã Nam Hà, Huyện Lâm Hà, Lâm Đồng",509 m²,35 m,17 m,--,1
1.5 tỷ,"Rạch Tre, Xã An Thạnh, Huyện Bến Lức, Long An",100 m²,20 m,5 m,--,1
770 triệu,"107, Xã Ngọc Định, Huyện Định Quán, Đồng Nai","1,100 m²",--,--,--,0
2.3 tỷ,"QL1A, Thị trấn Dầu Giây, Huyện Thống Nhất, Đồng Nai",100 m²,--,5 m,Nam,1
520 triệu,"Tân Lợi, Xã Tân Lợi, Huyện Đồng Phú, Bình Phước","1,000 m²",100 m,10 m,T.Nam,1
600 triệu,"Thuận Tây, Thị trấn Bến Cầu, Huyện Bến Cầu, Tây Ninh",100 m²,10 m,10 m,--,1
3.64 tỷ,"Hoàng Văn Thụ, Phường 9, Quận Phú Nhuận, Hồ Chí Minh",70 m²,15 m,4 m,Đ.Nam,1
500 triệu,"Tân Lợi, Đồng Phú, Bình Phước, Xã Tân Lợi, Huyện Đồng Phú, Bình Phước","1,000 m²",100 m,10 m,T.Nam,1
450 triệu,"DT754, Xã Lộc Khánh, Huyện Lộc Ninh, Bình Phước",300 m²,60 m,5.5 m,--,1
1.25 tỷ,"Đường 24 , Xã Lộc An, Huyện Bảo Lâm, Lâm Đồng",500 m²,36 m,15 m,Nam,1
2.87 tỷ,"Thành Thái, Phường 14, Quận 10, Hồ Chí Minh",60 m²,12 m,5 m,Đ.Nam,1
6.5 tỷ,"Phạm Văn Cội, Xã Phạm Văn Cội, Huyện Củ Chi, Hồ Chí Minh",858 m²,45 m,19.5 m,--,1
1.6 tỷ,"Đường tỉnh lộ 10, Thị trấn Đức Hòa, Huyện Đức Hòa, Long An",200 m²,40 m,5 m,Đông,1
36 tỷ,"Yên Bài, Ba Vì, Xã Yên Bài, Huyện Ba Vì, Hà Nội","5,000 m²",--,--,--,0
1.4 tỷ,"Đường Vũ Thị Ngọc Toàn, Phường Tân Thành, Quận Dương Kinh, Hải Phòng",58 m²,14 m,4 m,Đ.Bắc,1
1.7 tỷ,"Đường Miễu, Xã Tiến Xuân, Huyện Thạch Thất, Hà Nội",78 m²,13.5 m,5.8 m,Đ.Nam,1
720 triệu,"Tỉnh lộ 8 , Xã Đức Lập Thượng, Huyện Đức Hòa, Long An",80 m²,16 m,5 m,--,1
1.6 tỷ,"Huỳnh Thúc Kháng, Phường Mũi Né, Thành phố Phan Thiết, Bình Thuận",160 m²,20 m,8 m,--,1
450 triệu,"DT756, Xã Tân Hưng, Huyện Hớn Quản, Bình Phước","1,000 m²",--,--,--,1
1.8 tỷ,"Tỉnh lộ 830, Xã Lương Bình, Huyện Bến Lức, Long An",90 m²,18 m,5 m,Đông,1
1.98 tỷ,"An Dương Vương, Phường Điện Nam Đông, Thị xã Điện Bàn, Quảng Nam",128 m²,22 m,6 m,--,0
5.89 tỷ,"Đường số 12, Phường Trường Thọ, Thành phố Thủ Đức, Hồ Chí Minh",84.70 m²,20 m,4 m,Đ.Bắc,1
16 tỷ,"Đường Bình Lục, Xã Tân Bình, Huyện Vĩnh Cửu, Đồng Nai","3,200 m²",86 m,37 m,--,1
2.9 tỷ,"Đường Trương Chí Cương, Phường Hòa Cường Nam, Quận Hải Châu, Đà Nẵng",75 m²,--,--,--,1
3.76 tỷ,"ĐT.295 , Xã Yên Trung, Huyện Yên Phong, Bắc Ninh",99 m²,5 m,19.99 m,--,0
1.39 tỷ,"Đường tỉnh 833, Phường 5, Thành phố Tân An, Long An",139 m²,31 m,4.4 m,Tây,1
397.92 triệu,"Quốc lộ 20, Xã La Ngà, Huyện Định Quán, Đồng Nai","6,632 m²",--,--,--,0
21.2 tỷ,"Đặng Thúc Vịnh, Xã Thới Tam Thôn, Huyện Hóc Môn, Hồ Chí Minh",558 m²,--,--,--,0
5.45 tỷ,"Quốc lộ 51, Xã Tân Hải, Thị xã Phú Mỹ, Bà Rịa - Vũng Tàu",188 m²,38 m,5 m,--,1
522 triệu,"Quốc lộ 13, Xã Lộc Khánh, Huyện Lộc Ninh, Bình Phước",261 m²,52 m,5 m,Đông,1
1.37 tỷ,"KHU 3, Phường Hà Lầm, Thành phố Hạ Long, Quảng Ninh",65 m²,5 m,13 m,--,1
4.2 tỷ,"Xã Đồng Trúc, Huyện Thạch Thất, Hà Nội",210 m²,--,--,--,1
500 triệu,"Quốc lộ 63, Thị trấn Minh Lương, Huyện Châu Thành, Kiên Giang",100 m²,20 m,5 m,--,1
1.4 tỷ,"Thôn 12 đường Khúc Thừa Dụ, Xã Đạm Bri, Thành phố Bảo Lộc, Lâm Đồng",200 m²,20 m,10 m,Đ.Bắc,1
1.35 tỷ,"Đt 818, Thị trấn Thủ Thừa, Huyện Thủ Thừa, Long An",90 m²,--,--,--,1
2.4 tỷ,"Đường tỉnh 769, Thị trấn Dầu Giây, Huyện Thống Nhất, Đồng Nai",90 m²,18 m,5 m,Nam,1
15.5 tỷ,"Đường số 8, khu phố 5, Phường Hiệp Bình Chánh, Thành phố Thủ Đức, Hồ Chí Minh",123 m²,17.5 m,7.5 m,T.Bắc,1
479.89 triệu,"Xã Đức Thạnh, Huyện Mộ Đức, Quảng Ngãi",203 m²,--,--,--,0
900 triệu,"24, Xã Lộc An, Huyện Bảo Lâm, Lâm Đồng",150 m²,30 m,5 m,Nam,1
4.92 tỷ,"Tổ 1, ấp 25, Xã Long Thọ, Huyện Nhơn Trạch, Đồng Nai","1,025 m²",30 m,34 m,--,1
4.08 tỷ,"Tại Thôn Đức Bình, Xã Hoài Đức, Huyện Lâm Hà, Lâm Đồng","17,000 m²",--,--,--,0
1.08 tỷ,"DT741 (Phú Riềng Đỏ), Xã Thuận Lợi, Huyện Đồng Phú, Bình Phước",120 m²,6 m,20 m,Đ.Nam,1
1.83 tỷ,"An Dương Vương, Phường Điện Nam Đông, Thị xã Điện Bàn, Quảng Nam",126 m²,21 m,6 m,--,0
4.1 tỷ,"Lý Thái Tổ, Xã Phước Thiền, Huyện Nhơn Trạch, Đồng Nai",500 m²,20 m,25 m,Đông,0
2.45 tỷ,"DT725, Xã Gia Lâm, Huyện Lâm Hà, Lâm Đồng",756 m²,25 m,37 m,--,1
1.58 tỷ,"Ne8, Phường Thới Hòa, Thị xã Bến Cát, Bình Dương",150 m²,30 m,5 m,Tây,1
3.3 tỷ,"Ne8, Phường Thới Hòa, Thị xã Bến Cát, Bình Dương",300 m²,30 m,10 m,Đ.Bắc,1
2.06 tỷ,"NL20, Phường Thới Hòa, Thị xã Bến Cát, Bình Dương",150 m²,30 m,5 m,Nam,1
9.28 tỷ,"Thạnh Lộc 31, Phường Thạnh Lộc, Quận 12, Hồ Chí Minh",232 m²,24.5 m,9.5 m,T.Nam,1
16.5 tỷ,"Đường số 6, Phường An Phú, Thành phố Thủ Đức, Hồ Chí Minh",100 m²,--,--,--,0
1.7 tỷ,"Quốc lộ 1A, Thị trấn Lương Sơn, Huyện Bắc Bình, Bình Thuận","14,161 m²",69 m,202 m,Đ.Bắc,1
25.5 tỷ,"Thới An 13, Phường Thới An, Quận 12, Hồ Chí Minh",500 m²,--,--,--,1
900 triệu,"Đường Lộc An, Xã Láng Dài, Huyện Đất Đỏ, Bà Rịa - Vũng Tàu",150 m²,21 m,5 m,Đ.Nam,1
2.68 tỷ,"391 Quốc lộ 20, Xã Hiệp An, Huyện Đức Trọng, Lâm Đồng",300 m²,50 m,6 m,Nam,0
4.7 tỷ,"Đường số 3, Phường Phú Thứ, Quận Cái Răng, Cần Thơ",117 m²,19 m,9 m,T.Nam,1
1.7 tỷ,"Tân Phước, Thị trấn Tân Phú, Huyện Đồng Phú, Bình Phước",200 m²,40 m,5 m,T.Nam,1
1.4 tỷ,"Nguyễn Văn Linh, Phường Phú Tài, Thành phố Phan Thiết, Bình Thuận",105 m²,5 m,21 m,--,0
1.7 tỷ,"DT725, Xã Mê Linh, Huyện Lâm Hà, Lâm Đồng",276 m²,39 m,7 m,--,1
785.4 triệu,"Quốc lộ 4C, Xã Quản Bạ, Huyện Quản Bạ, Hà Giang","3,927 m²",--,--,--,1
1.05 tỷ,"Quốc lộ 14, Xã Minh Thành, Huyện Chơn Thành, Bình Phước",150 m²,--,--,--,1
1.83 tỷ,"Ni17a, Phường Thới Hòa, Thị xã Bến Cát, Bình Dương",150 m²,30 m,5 m,Nam,1
780 triệu,"Hẻm 153, Xã Thái Mỹ, Huyện Củ Chi, Hồ Chí Minh",120 m²,20 m,6 m,--,1
1.5 tỷ,"Xã Lộc Nam, Huyện Bảo Lâm, Lâm Đồng",188 m²,--,--,--,0
2.31 tỷ,"Tả Phìn, Xã Tả Phìn, Thị xã Sa Pa, Lào Cai",220 m²,17 m,12.5 m,--,1
2.78 tỷ,"Thôn Giàng Tra, Phường Sa Pa, Thị xã Sa Pa, Lào Cai",793 m²,44.05 m,18 m,--,1
7.56 tỷ,"Đặng Thùy Trâm, Phường 13, Quận Bình Thạnh, Hồ Chí Minh",72 m²,16 m,4.5 m,T.Bắc,1
1.93 tỷ,"NJ14, Phường Thới Hòa, Thị xã Bến Cát, Bình Dương",150 m²,30 m,5 m,--,1
2.55 tỷ,"Nguyễn Trung Trực, Ấp 4, Xã Long Định, Huyện Cần Đước, Long An",85 m²,5 m,17 m,Tây,0
594 triệu,"QL13, DT757, Xã Lộc Khánh, Huyện Lộc Ninh, Bình Phước",270 m²,54 m,5 m,Đ.Nam,1
1.15 tỷ,"Trần Minh Thắng, Phường Hợp Đức, Quận Đồ Sơn, Hải Phòng",80 m²,16 m,5 m,--,1
1.65 tỷ,"Xã Tu Vũ, Huyện Thanh Thuỷ, Phú Thọ",289 m²,--,--,--,1
589.6 triệu,"Quốc lộ 13, Xã Lộc Khánh, Huyện Lộc Ninh, Bình Phước",268 m²,50 m,5 m,--,1
589.6 triệu,"Hẻm DT757, Xã Lộc Khánh, Huyện Lộc Ninh, Bình Phước",268 m²,--,--,--,0
589.6 triệu,"DT757, Xã Lộc Khánh, Huyện Lộc Ninh, Bình Phước",268 m²,53 m,5 m,Đ.Nam,1
750 triệu,"Tân Phước, Xã Tân Phước, Huyện Đồng Phú, Bình Phước","1,000 m²",--,--,Tây,1
1.5 tỷ,"DH615, Xã Long Nguyên, Huyện Bàu Bàng, Bình Dương",218 m²,43 m,5 m,T.Bắc,1
1.6 tỷ,"QL13, Phường Tân Định, Thị xã Bến Cát, Bình Dương",160 m²,32 m,5 m,T.Bắc,1
522.67 triệu,"Đường số 6, Xã Đại Hiệp, Huyện Đại Lộc, Quảng Nam",112 m²,20.1 m,5.5 m,Nam,1
2.17 tỷ,"Mỹ Phước Tân Vạn, Phường Thới Hòa, Thị xã Bến Cát, Bình Dương",300 m²,30 m,10 m,--,1
1.12 tỷ,"Đường Đại lộ Thăng Long, Xã Đồng Trúc, Huyện Thạch Thất, Hà Nội",70 m²,6 m,15 m,--,1
1 tỷ,"Đường 270, Xã Phật Tích, Huyện Tiên Du, Bắc Ninh",80 m²,20 m,4 m,Bắc,1
1.25 tỷ,"DT767, Xã Vĩnh Tân, Huyện Vĩnh Cửu, Đồng Nai",996 m²,22 m,44 m,--,1
400 triệu,"DT756, Xã Quang Minh, Huyện Chơn Thành, Bình Phước",235 m²,47 m,5 m,--,1
2.44 tỷ,"Đường 536, Xã Nhuận Đức, Huyện Củ Chi, Hồ Chí Minh",425 m²,21 m,20.3 m,--,1
1.3 tỷ,"Phan Xích Long, Phường 15, Quận Bình Thạnh, Hồ Chí Minh",126 m²,21 m,5 m,Đ.Nam,1
3.95 tỷ,"Đường Nguyễn Thị Tồn, Phường Bửu Hòa, Thành phố Biên Hòa, Đồng Nai",300 m²,11 m,28 m,T.Bắc,1
9.28 tỷ,"Thạnh Lộc 31, Phường Thạnh Lộc, Quận 12, Hồ Chí Minh",232 m²,24.5 m,9.5 m,T.Nam,1
1.28 tỷ,"391 Quốc lộ 20, Xã Ka Đô, Huyện Đơn Dương, Lâm Đồng",300 m²,25 m,11 m,Bắc,0
1.94 tỷ,"Tân Hợp, Phường Tân Thành, Quận Dương Kinh, Hải Phòng",79 m²,19 m,4 m,--,1
690 triệu,"Quốc lộ 13, Thị trấn Tân Khai, Huyện Hớn Quản, Bình Phước",500 m²,50 m,10 m,Đ.Bắc,1
880 triệu,"Trần Hưng Đạo, Phường Lộc Sơn, Thành phố Bảo Lộc, Lâm Đồng",160 m²,90 m,70 m,--,1
2.98 tỷ,"Đường Liên Mạc, Phường Liên Mạc, Quận Bắc Từ Liêm, Hà Nội",62 m²,4.5 m,--,Đ.Nam,0
1.74 tỷ,"DJ9, Phường Thới Hòa, Thị xã Bến Cát, Bình Dương",150 m²,30 m,5 m,--,1
1.34 tỷ,"KQH Bạch Thạch, Xã Lộc Điền, Huyện Phú Lộc, Thừa Thiên Huế",167 m²,28 m,7 m,Đông,1
1.15 tỷ,"2/9, Phường Mỹ Phước, Thị xã Bến Cát, Bình Dương",110 m²,22 m,5 m,--,1
900 triệu,"Số 7, Xã Lộc An, Huyện Bảo Lâm, Lâm Đồng",150 m²,30 m,5 m,--,1
2.99 tỷ,"Hồ Văn Tăng, Xã Tân Phú Trung, Huyện Củ Chi, Hồ Chí Minh",130 m²,--,--,--,1
2 tỷ,"Xã Tả Phìn, Thị xã Sa Pa, Lào Cai",258 m²,--,--,--,1
374 triệu,"Vành đai 4, Xã Hựu Thạnh, Huyện Đức Hòa, Long An",85 m²,17 m,5 m,--,1
1.99 tỷ,"Đường D2, Phường Thuận Giao, Thành phố Thuận An, Bình Dương",330 m²,--,--,--,1
1.04 tỷ,"Tỉnh lộ 420, Xã Bình Yên, Huyện Thạch Thất, Hà Nội",65 m²,15 m,5 m,--,1
780 triệu,"Nguyễn Trung Trực, Xã Long Cang, Huyện Cần Đước, Long An",120 m²,--,--,--,1
15.99 tỷ,"Đường Bình Lục, Xã Tân Bình, Huyện Vĩnh Cửu, Đồng Nai","2,052 m²",26 m,70 m,Đ.Bắc,1
2.05 tỷ,"DG2, Phường Chánh Phú Hòa, Thị xã Bến Cát, Bình Dương",120 m²,20 m,6 m,Tây,1
700 triệu,"Trừ Văn Thố, Xã Trừ Văn Thố, Huyện Bàu Bàng, Bình Dương",70 m²,5 m,14 m,--,1
975 triệu,"Đường Đoàn Minh Triết, Xã Thái Mỹ, Huyện Củ Chi, Hồ Chí Minh",140 m²,7 m,20 m,--,1
440.1 triệu,"Ne8, Phường Thới Hòa, Thị xã Bến Cát, Bình Dương",270 m²,27 m,10 m,--,1
450 triệu,"Dt 784, Xã Chà Là, Huyện Dương Minh Châu, Tây Ninh",150 m²,30 m,5 m,--,1
1.4 tỷ,"Đức Lập Thượng, Thị trấn Đức Hòa, Huyện Đức Hòa, Long An",140 m²,20 m,7 m,--,1
450 triệu,"DT 781, Xã Phước Ninh, Huyện Dương Minh Châu, Tây Ninh",150 m²,30 m,5 m,Đ.Nam,1
645 triệu,"Tân Quan, Xã Tân Quan, Huyện Hớn Quản, Bình Phước",215 m²,40 m,5.5 m,Đ.Bắc,1
2.08 tỷ,"Đường số 54, Xã Minh Hưng, Huyện Chơn Thành, Bình Phước",451.60 m²,10 m,43.05 m,--,1
1.5 tỷ,"Đường 37B, Phường Tân Thành, Thành phố Cà Mau, Cà Mau",100 m²,20 m,5 m,--,1
2.36 tỷ,"NH7A, Phường Thới Hòa, Thị xã Bến Cát, Bình Dương",150 m²,30 m,5 m,Bắc,1
750 triệu,"Quốc lộ 14, Xã Minh Lập, Huyện Chơn Thành, Bình Phước",250 m²,5 m,50 m,Đông,1
6.4 tỷ,"Đường Phạm Văn Đồng, Thị trấn Tân Nghĩa, Huyện Hàm Tân, Bình Thuận",821 m²,41 m,20 m,--,1
600 triệu,"4c, Xã Đông Hà, Huyện Quản Bạ, Hà Giang",360 m²,--,--,--,0
600 triệu,"4c, Xã Đông Hà, Huyện Quản Bạ, Hà Giang",377 m²,--,--,--,0
2.34 tỷ,"NH7a, Phường Thới Hòa, Thị xã Bến Cát, Bình Dương",150 m²,30 m,5 m,Bắc,1
1.1 tỷ,"DT753, Xã Tân Phước, Huyện Đồng Phú, Bình Phước",150 m²,30 m,5 m,--,1
2.21 tỷ,"Ne8, Phường Thới Hòa, Thị xã Bến Cát, Bình Dương",180 m²,30 m,6 m,Nam,1
