Price;Location;Spare;Length;Width;Direction;Amenities,,,,
1.39 tỷ; Phường Uyên Hưng, Thị xã Tân Uyên, Bình Dương; 65 m²; --; --; --;1,,
1.6 tỷ; Xã Hội Nghĩa, Thị xã Tân Uyên, Bình Dương; 72 m²; --; --; --;1,,
890 triệu; Phường Thới Hòa, Thị xã Bến Cát, Bình Dương; 100 m²; 20 m; 5 m; --;0,,
1.02 tỷ; Phường Tân Định, Thị xã Bến Cát, Bình Dương; 100 m²; 20 m; 5 m; --;0,,
830 triệu; Phường Thới Hòa, Thị xã Bến Cát, Bình Dương; 100 m²; 20 m; 5 m; --;0,,
900 triệu; Phường Thới Hòa, Thị xã Bến Cát, Bình Dương; 100 m²; 20 m; 5 m; --;0,,
940 triệu; Đường 13, Phường Tân Định, Thị xã Bến Cát, Bình Dương; 100 m²; 20 m; 5 m; --;0,
640 triệu; QL50, Xã Mỹ Lệ, Huyện Cần Đước, Long An; 104 m²; --; --; --;1,
900 triệu; Xã Ninh Phú, Thị xã Ninh Hòa, Khánh Hòa; 69 m²; 14 m; 5 m; Bắc;0,,
1.5 tỷ; Thị trấn Lộc Thắng, Huyện Bảo Lâm, Lâm Đồng; 500 m²; 10 m; 50 m; --;1,,
1.36 tỷ; Đường Trần Hưng Đạo, Phường Tiến Thành, TP. Đồng Xoài, Bình Phước; 150 m²; 25 m; 6 m; --;1,
360 triệu; PHAN THÚC DUYỆN , Phường Vĩnh Điện, Thị xã Điện Bàn, Quảng Nam; 150 m²; 30 m; 5 m; --;1,
840 triệu; Phan Chu Trinh, Thị trấn Đông Phú, Huyện Quế Sơn, Quảng Nam; 120 m²; 20 m; 6 m; Đ.Bắc;1,
5.67 tỷ; Hạ Lôi, Xã Mê Linh, Huyện Mê Linh, TP. Hà Nội; 70 m²; 10 m; 7 m; --;0,
900 triệu; Xã Phú Lộc, Huyện Krông Năng, Đắk Lắk; 132 m²; 22 m; 6 m; Đ.Nam;1,,
900 triệu; Xã Phú Lộc, Huyện Krông Năng, Đắk Lắk; 138 m²; --; --; --;0,,
500 triệu; Đồng Văn Dẫn, Thị trấn Thạnh Phú, Huyện Thạnh Phú, Bến Tre; 107 m²; 22 m; 5 m; --;1,
4.9 tỷ; Đường Lý Sơn, Phường Ngọc Thụy, Quận Long Biên, TP Hà Nội; 70 m²; 18 m; 4 m; --;0,
480 triệu; Xã Bến Củi, Huyện Dương Minh Châu, Tây Ninh; 140 m²; 28 m; 5 m; --;0,,
6 tỷ; Đường Nguyễn Mậu Tài, Thị trấn Trâu Quỳ, Huyện Gia Lâm, TP. Hà Nội; 60 m²; --; --; --;0,
900 triệu; Đường ĐT 316 Hưng Hóa, Tam Nông, Phú Thọ; 80 m²; 16 m; 5 m; --;0,,
480 triệu; Đường Nguyễn Văn Cừ, Xã Lộc Phú, Huyện Bảo Lâm, Lâm Đồng; 130 m²; 30 m; 7 m; --;1,
580 triệu; Xã Thạnh Đức, Huyện Gò Dầu, Tây Ninh; 125 m²; 25 m; 5 m; --;0,,
949 triệu; Đường Âu Cơ, Phường 1, TP Bảo Lộc, Lâm Đồng; 190 m²; 38 m; 5 m; --;0,
1.58 tỷ; Đường Võ Nguyên Giáp Mai Đình, Sóc Sơn, Hà Nội; 60 m²; 13.5 m; 4.5 m; --;0,,
1.36 tỷ; Phường Thủy Vân, TP. Huế, Thừa Thiên Huế; 150 m²; 17 m; 8 m; Tây;0,,
1.35 tỷ; Phường Hoà Nghĩa, Quận Dương Kinh, TP. Hải Phòng; 40 m²; --; --; --;0,,
280 triệu; TL623B, Xã Nghĩa Lâm, Huyện Tư Nghĩa, Quảng Ngãi; 130 m²; 20 m; 5 m; Bắc;1,
1.45 tỷ; Đường Long Tân-Láng Dài, Xã Phước Long Thọ, Huyện Đất Đỏ, Bà Rịa Vũng Tàu; 1,012 m²; 40 m; 26 m; --;0
990 triệu; Xã Lộc Tân, Huyện Bảo Lâm, Lâm Đồng; 500 m²; --; --; --;0,,
7.8 tỷ; Đường Vạn Thành, phường 5, Đà Lạt, Lâm Đồng; 195 m²; 28 m; 5.27 m; --;0,
17.2 tỷ; Đường Quốc Lộ 20, Xã Hiệp An, Huyện Đức Trọng, Lâm Đồng; 3,300 m²; 60 m; 55 m; --;0
739 triệu; Xã Tân Phúc, Huyện Ân Thi, Hưng Yên; 81 m²; 16.2 m; 5 m; --;0,,
4.63 tỷ; Thị trấn Trâu Quỳ, Huyện Gia Lâm, TP. Hà Nội; 109 m²; --; 5.3 m; Đ.Nam;1,,
790 triệu; Xã An Tịnh, Huyện Trảng Bàng, Tây Ninh; 150 m²; --; --; --;1,,
899 triệu; Đường 29 Krông Năng, Krong Năng, Đăk Lăk; 132 m²; 23 m; 6 m; --;0,,
739 triệu; Xã Tân Phúc, Huyện Ân Thi, Hưng Yên; 78 m²; --; --; --;0,,
389 triệu; Đường 788, Xã Phước Vinh, Huyện Châu Thành, Tây Ninh; 170 m²; 25 m; 7 m; --;1,
739 triệu; Xã Tân Phúc, Huyện Ân Thi, Hưng Yên; 75 m²; 15 m; 5 m; --;0,,
17.2 tỷ; Đường Lương Định Của Phường 11, Đà Lạt, Lâm Đồng; 650 m²; 60 m; 55 m; --;0,,
739 triệu; Xã Tân Phúc, Huyện Ân Thi, Hưng Yên; 70 m²; 14 m; 5 m; --;0,,
500 triệu; Xã An Tịnh, Huyện Trảng Bàng, Tây Ninh; 100 m²; --; --; --;1,,
1.4 tỷ; Đường 1, Phường An Khánh, TP Thủ Đức, TPHCM; 125 m²; --; 5.5 m; --;0,
1.39 tỷ; Đường Quốc lộ 1A, Xã Phước Thể, Huyện Tuy Phong, Bình Thuận; 125 m²; 5.5 m; 19 m; Bắc;1,
380 triệu; Hương Lộ 2, Xã Trung Lập Thượng, Huyện Củ Chi, TP. Hồ Chí Minh; 250 m²; 25 m; 10 m; --;1,
8.6 tỷ; Đường 55, Xã Lộc Nam, Huyện Bảo Lâm, Lâm Đồng; 1,832 m²; 312 m; 65 m; --;0
899 triệu; Đường Liên Thôn, Xã Nhị Khê, Huyện Thường Tín, TP Hà Nội; 132 m²; 22 m; 6 m; --;0,
2.19 tỷ; Xã Hòa Thắng, Huyện Bắc Bình, Bình Thuận; 19,692 m²; --; --; --;1,
750 triệu; Xã Đạm Bri, TP. Bảo Lộc, Lâm Đồng; 1,000 m²; --; --; --;0,
2.35 tỷ; Đường Nguyễn Thị Búp, Phường Hiệp Thành, Quận 12, TPHCM; 100 m²; 20 m; 5 m; --;0,
8.6 tỷ; Đường 55, Xã Lộc Nam, Huyện Bảo Lâm, Lâm Đồng; 1,832 m²; 312 m; 65 m; --;0
600 triệu; Đường Quốc Lộ 1, Phường 4, TP. Tân An, Long An; 60 m²; 15 m; 4 m; --;1,
2.5 tỷ; Đường Thượng Thanh, Phường Thượng Thanh, Quận Long Biên, TP Hà Nội; 41 m²; 10.1 m; 4 m; --;0,
899 triệu; Xã Phú Lộc, Huyện Krông Năng, Đắk Lắk; 132 m²; --; --; --;0,,
620 triệu; Xã Tân Bình, TP. Tây Ninh, Tây Ninh; 198 m²; 33 m; 6 m; Tây;1,,
2.3 tỷ; Đường Trang Quan, Xã An Đồng, Huyện An Dương, TP Hải Phòng; 80 m²; 5 m; 16 m; --;0,
2.2 tỷ; Xã Đức Hòa Đông, Huyện Đức Hòa, Long An; 90 m²; 18 m; 5 m; --;1,,
10.2 tỷ; Phường Quyết Thắng, TP Lai Châu, Tỉnh Lai Châu; 600 m²; --; --; --;0,,
2.65 tỷ; Đường Vĩnh Khê An Đồng, An Dương, Hải Phòng; 100 m²; 20 m; 5 m; --;0,,
18.49 tỷ; Đường Đinh Tiên Hoàng, Phường Dư Hàng, Quận Lê Chân, TP. Hải Phòng; 234 m²; --; --; --;0,
9 tỷ; Phường Cẩm An, TP. Hội An, Quảng Nam; 200 m²; --; --; --;0,,
2.66 tỷ; Xã Tam Hiệp, Huyện Núi Thành, Quảng Nam; 175 m²; 25 m; 6.99 m; Đ.Bắc;1,,
800 triệu; Thị trấn Thạnh Phú, Huyện Thạnh Phú, Bến Tre; 120 m²; 24 m; 5 m; --;1,,
280 triệu; TL 623B, Xã Nghĩa Lâm, Huyện Tư Nghĩa, Quảng Ngãi; 130 m²; 20 m; 5 m; Bắc;1,
2.6 tỷ; Đường 30/4, Phường Châu Phú B, TP Châu Đốc, An Giang; 105 m²; --; --; --;0,
1 tỷ; Đường Đồng Văn Dẫn, Thị trấn Thạnh Phú, Huyện Thạnh Phú, Bến Tre; 213 m²; 22 m; 10 m; --;1,
280 triệu; DT623B, Xã Nghĩa Lâm, Huyện Tư Nghĩa, Quảng Ngãi; 120 m²; 23 m; 5 m; Đ.Bắc;1,
1.8 tỷ; Quốc lộ 1A, Xã Thanh Trạch, Huyện Bố Trạch, Quảng Bình; 200 m²; 20 m; 11 m; T.Bắc;1,
490 triệu; Thị trấn Cần Đước, Huyện Cần Đước, Long An; 80 m²; 20 m; 4 m; --;0,,
1.06 tỷ; Xã Sông Lũy, Huyện Bắc Bình, Bình Thuận; 8,459 m²; --; --; --;0,
1.44 tỷ; Xã Phan Thanh, Huyện Bắc Bình, Bình Thuận; 11,000 m²; --; --; --;0,
1.23 tỷ; Xã Sông Lũy, Huyện Bắc Bình, Bình Thuận; 8,459 m²; --; --; Đông;0,
820 triệu; Hùng Vương, Thị Trấn Ái Nghĩa, Huyện Đại Lộc, Quảng Nam; 200 m²; 20 m; 10 m; --;1,
1.45 tỷ; Đường Quang Minh Thanh Lâm, Mê Linh, Hà Nội; 58 m²; 14 m; 4 m; --;0,,
575 triệu; Xóm Bố, Xã Hiệp Thạnh, Huyện Gò Dầu, Tây Ninh; 117 m²; 25 m; 5 m; --;1,
1.3 tỷ; xã Hòa Phú, Huyện Tuy Phong, Bình Thuận; 77.70 m²; --; --; Đông;1,,
682 triệu; Xã Hồng Liêm, Huyện Hàm Thuận Bắc, Bình Thuận; 2,726.90 m²; --; --; Đông;1,
1.98 tỷ; Xã Hòa Thắng, Huyện Bắc Bình, Bình Thuận; 11,656.60 m²; --; --; Đông;1,
1.06 tỷ; Xã Sông LŨy , Huyện Bắc Bình, Bình Thuận; 8,459.30 m²; --; --; Đông;1,
1.25 tỷ; Đường Quốc lộ 1A, Xã Mỹ Hòa, Thị xã Bình Minh, Vĩnh Long; 95 m²; 19 m; 5 m; --;0,
1.18 tỷ; Xã Sông Lũy, Huyện Bắc Bình, Bình Thuận; 8,459 m²; --; --; Đông;1,
1 tỷ; Quốc lộ 1A, Xã Bình An, Huyện Thăng Bình, Quảng Nam; 100 m²; 20 m; 5 m; Đ.Nam;1,
1.2 tỷ; QL1A, Thị trấn Hà Lam, Huyện Thăng Bình, Quảng Nam; 120 m²; 20 m; 6 m; Đ.Nam;1,
379 triệu; Xã Phước Vinh, Huyện Châu Thành, Tây Ninh; 175 m²; 25 m; 7 m; --;1,,
539 triệu; Đường 14, Phường Chánh Phú Hòa, Thị xã Bến Cát, Bình Dương; 70 m²; 14 m; 5 m; --;1,
4.35 tỷ; Đặng Văn Trơn, Phường Hiệp Hòa, TP. Biên Hòa, Đồng Nai; 90 m²; --; 4 m; --;0,
1.95 tỷ; Xã Đông Dư, Huyện Gia Lâm, TP. Hà Nội; 36 m²; --; --; --;0,,
1.7 tỷ; Xã Đặng Xá, Huyện Gia Lâm, TP. Hà Nội; 45 m²; --; --; --;0,,
2.4 tỷ; Đường Quốc Lộ 6 Bắc Phong, Cao Phong, Hòa Bình; 2,825 m²; --; --; --;0,
4 tỷ; Đường Hồ Chí Minh Cao Dương, Lương Sơn, Hòa Bình; 2,954 m²; --; --; --;0,
6.5 tỷ; Đường Quốc lộ 6 Lương Sơn, huyện Lương Sơn, Hòa Bình; 716 m²; --; --; --;0,,
1.8 tỷ; Quốc lộ 1A, Xã Thanh Trạch, Huyện Bố Trạch, Quảng Bình; 200 m²; 20 m; 11 m; T.Bắc;1,
4.9 tỷ; Đường Tỉnh lộ 420 Tân Xã, Thạch Thất, Hà Nội; 210 m²; 20 m; 10 m; --;0,,
1.85 tỷ; Phường Tân Thành, Quận Dương Kinh, TP. Hải Phòng; 103 m²; --; --; Đ.Bắc;0,,
2.37 tỷ; Đường Trung Nghĩa Hợp Đức, Đồ Sơn, Hải Phòng; 113 m²; 20 m; 6 m; --;0,,
1.6 tỷ; Đường Mạc Đăng Doanh Hưng Đạo, Dương Kinh, Hải Phòng; 96 m²; 18 m; 5 m; --;0,,
4.4 tỷ; Phường Phú Đô, Quận Nam Từ Liêm, TP. Hà Nội; 60 m²; --; 4 m; --;0,,
1.5 tỷ; Xã Tứ Hiệp, Huyện Thanh Trì, TP. Hà Nội; 39 m²; --; 5.8 m; --;0,,
650 triệu; Đường Dương Gia Trang, Xã Nha Bích, Thị xã Chơn Thành, Bình Phước; 1,000 m²; 50 m; 20 m; --;1
689 triệu; Xã Mỹ Đức, Huyện An Lão, TP. Hải Phòng; 67 m²; --; --; --;0,,
1.7 tỷ; Phường An Bình, Quận Ninh Kiều, TP. Cần Thơ; 60 m²; 6 m; 11 m; Đ.Nam;1,,
4.9 tỷ; Đường Tỉnh lộ 420 Tân Xã, Thạch Thất, Hà Nội; 210 m²; 20 m; 10 m; --;0,,
6 tỷ; Đường Lê Lợi Phú Tân, Thủ Dầu Một, Bình Dương; 150 m²; --; --; --;0,,
1.4 tỷ; Đường D7, Xã Trí Bình, Huyện Châu Thành, Tây Ninh; 332 m²; 30 m; 12 m; --;1,
10.3 tỷ; Kiều Đàm , Phường Tân Hưng, Quận 7, TP. Hồ Chí Minh; 93.55 m²; --; --; --;0,
3.75 tỷ; Đường Phạm Văn Sáng Xuân Thới Thượng, Hóc Môn, TPHCM; 86 m²; 17.5 m; 5 m; --;0,,
1.8 tỷ; Nguyễn Hữu Thọ, Phường Tân Phong, Quận 7, TP. Hồ Chí Minh; 80 m²; 16 m; 4.99 m; --;0,
3.4 tỷ; Đường Trần Thị Hè Hiệp Thành, quận 12, TPHCM; 60 m²; 15 m; 4 m; --;0,,
560 triệu; Xã Phước Đông, Huyện Cần Đước, Long An; 100 m²; 20 m; 5 m; --;1,,
4.3 tỷ; Đường Hoàn Sơn, Xã Hoàn Sơn, Huyện Tiên Du, Bắc Ninh; 124 m²; 10 m; 10 m; Đông;1,
2.6 tỷ; Đường Tỉnh lộ 420 Bình Yên, Thạch Thất, Hà Nội; 100 m²; 25 m; 4 m; --;0,,
4.5 tỷ; Đường Hà Huy Tập Trâu Quỳ, Gia Lâm, Hà Nội; 65 m²; --; 46 m; --;0,,
1.6 tỷ; Đường Mạc Đăng Doanh Hưng Đạo, Dương Kinh, Hải Phòng; 96 m²; 18 m; 5 m; --;0,,
180 triệu; Đường 6 Sông Trầu, Trảng Bom, Đồng Nai; 100 m²; 20 m; 5 m; --;0,,
180 triệu; Đường 6 Sông Trầu, Trảng Bom, Đồng Nai; 100 m²; 20 m; 5 m; --;0,,
580 triệu; Đường Quốc Lộ 22, Thị trấn Bến Cầu, Huyện Bến Cầu, Tây Ninh; 250 m²; 25 m; 10 m; --;1,
2.15 tỷ; Xã Phước Đồng, TP. Nha Trang, Khánh Hòa; 80 m²; 16 m; 5 m; Đ.Nam;1,,
450 triệu; Đường ĐT 760, Xã Bình Minh, Huyện Bù Đăng, Bình Phước; 100 m²; 100 m; 5 m; --;0,
7 tỷ; Đường Quốc Lộ 21, Xã Thạch Hòa, Huyện Thạch Thất, TP Hà Nội; 200 m²; 18 m; 12 m; --;0,
550 triệu; Xã Đạm Bri, TP. Bảo Lộc, Lâm Đồng; 108 m²; 18 m; 6 m; T.Nam;1,,
7 tỷ; Đường Quốc lộ 21 Thạch Hòa, Thạch Thất, Hà Nội; 200 m²; 18 m; 12 m; --;0,,
480 triệu; Xã Vĩnh Lộc A, Huyện Bình Chánh, TP. Hồ Chí Minh; 64 m²; 15 m; 4 m; T.Bắc;1,,
820 triệu; Xã Đạm Bri, TP. Bảo Lộc, Lâm Đồng; 392 m²; 19 m; 20 m; T.Nam;1,,
650 triệu; Đường Tỉnh lộ 782, Thị trấn Trảng Bàng, Huyện Trảng Bàng, Tây Ninh; 950 m²; 50 m; 25 m; --;1,
2 tỷ; Đường Ngũ Hiệp, Xã Ngũ Hiệp, Huyện Thanh Trì, TP Hà Nội; 41 m²; --; 3.8 m; --;0,
600 triệu; Đường Quốc lộ 14, Xã Minh Hưng, Huyện Bù Đăng, Bình Phước; 900 m²; 36 m; 25 m; --;1,
2 tỷ; Bà Thiên, Xã Nhuận Đức, Huyện Củ Chi, TP. Hồ Chí Minh; 1,140 m²; 38 m; 37 m; --;1
2 tỷ; Đường Dũng Sĩ Thanh Khê, Phường Thanh Khê Tây, Quận Thanh Khê, TP Đà Nẵng; 55 m²; 11 m; 5 m; --;0,
1.55 tỷ; Đường Đại Lộ Bình Dương, Phường Phú Lợi, TP. Thủ Dầu Một, Bình Dương; 500 m²; 30 m; 24.99 m; --;1,
2.37 tỷ; Đường Trung Nghĩa, Phường Hợp Đức, Quận Đồ Sơn, TP Hải Phòng; 113 m²; 20 m; 6 m; --;0,
1.22 tỷ; Thị trấn Quang Minh, Huyện Mê Linh, TP. Hà Nội; 45.30 m²; 19.5 m; 4.8 m; --;0,,
560 triệu; Đường Tỉnh lộ 741, Phường Tân Xuân, TP Đồng Xoài, Bình Phước; 360 m²; 60 m; 6 m; --;0,
2.2 tỷ; Đường Dũng Sĩ Thanh Khê Thanh Khê Tây, Thanh Khê, Đà Nẵng; 55 m²; 9 m; 6 m; --;0,,
550 triệu; Quốc Lộ 50, Xã Phong Phú, Huyện Bình Chánh, TP. Hồ Chí Minh; 104 m²; --; --; --;1,
2.37 tỷ; Đường Trung Nghĩa Hợp Đức, Đồ Sơn, Hải Phòng; 113 m²; 20 m; 6 m; --;0,,
450 triệu; Đường ĐT 760, Xã Bom Bo, Huyện Bù Đăng, Bình Phước; 100 m²; 20 m; 5 m; T.Nam;1,
1.75 tỷ; Đường Vĩnh Khê An Đồng, An Dương, Hải Phòng; 53 m²; --; 4.4 m; --;0,,
450 triệu; Đường 14/2, Xã Nghĩa Trung, Huyện Bù Đăng, Bình Phước; 250 m²; --; --; --;0,
920 triệu; Đường Quốc Lộ 50, Xã Tân Lân, Huyện Cần Đước, Long An; 146 m²; --; --; T.Nam;1,
280 triệu; TL 623B, Xã Nghĩa Lâm, Huyện Tư Nghĩa, Quảng Ngãi; 130 m²; 20 m; 5 m; Bắc;1,
600 triệu; Xã Tân Lợi, Huyện Đồng Phú, Bình Phước; 1,068 m²; --; --; --;0,
455 triệu; Đường 22B Thạnh Đức, Gò Dầu, Tây Ninh; 99 m²; 23 m; 5 m; --;0,,
2.55 tỷ; Đường Vĩnh Khê, Xã An Đồng, Huyện An Dương, TP Hải Phòng; 81 m²; --; 4.5 m; --;0,
1.5 tỷ; Đường Đức Hòa Đông, Xã Đức Hòa Đông, Huyện Đức Hòa, Long An; 80 m²; 5 m; 16 m; --;1,
579 triệu; Đường ĐT 781, Xã Phan, Huyện Dương Minh Châu, Tây Ninh; 140 m²; --; --; --;0,
265 triệu; Xã An Khương, Huyện Hớn Quản, Bình Phước; 510 m²; 51 m; 10 m; --;1,,
800 triệu; An Hội, Phường 1, Quận Gò Vấp, TP. Hồ Chí Minh; 1,000 m²; 40 m; 25 m; --;1
459 triệu; Đường Đại Lộ Bình Dương, Xã Long Nguyên, Huyện Bàu Bàng, Bình Dương; 80 m²; 16 m; 5 m; Đông;1,
2.28 tỷ; Phường Tây Mỗ, Quận Nam Từ Liêm, TP. Hà Nội; 43 m²; 3.5 m; 13 m; --;1,,
560 triệu; Xã Vĩnh Lộc A, Huyện Bình Chánh, TP. Hồ Chí Minh; 80 m²; --; --; --;0,,
450 triệu; Xã Vĩnh Lộc A, Huyện Bình Chánh, TP. Hồ Chí Minh; 50 m²; --; --; --;0,,
1.6 tỷ; Đường số 35, Xã Thái Mỹ, Huyện Củ Chi, TP. Hồ Chí Minh; 209 m²; 19 m; 11 m; --;1,
2 tỷ; Xã Y Tý, Huyện Bát Xát, Lào Cai; 700 m²; --; --; --;0,,
750 triệu; Xã Đạm Bri, TP. Bảo Lộc, Lâm Đồng; 933 m²; 54 m; 17 m; T.Nam;1,,
1.1 tỷ; Xã Ninh Phụng, Thị xã Ninh Hòa, Khánh Hòa; 324 m²; 15 m; 20 m; Đông;0,,
680 triệu; Đường Trần Hưng Đạo, Phường Tiến Thành, TP. Đồng Xoài, Bình Phước; 150 m²; 25 m; 6 m; --;1,
800 triệu; Phường Hòa Bình, TP. Biên Hòa, Đồng Nai; 1,000 m²; 40 m; 25 m; --;1,
680 triệu; Đường 328, Xã Tân Lâm, Huyện Xuyên Mộc, Bà Rịa Vũng Tàu; 1,000 m²; 88 m; 12 m; --;1
550 triệu; Đường quốc lộ 1A, Xã Tân Hương, Huyện Châu Thành, Tiền Giang; 105 m²; 20 m; 5 m; --;1,
750 triệu; Đường ĐT 749 Minh Long, Chơn Thành, Bình Phước; 250 m²; 50 m; 5 m; --;0,,
850 triệu; Phường Lộc Phát, TP. Bảo Lộc, Lâm Đồng; 178 m²; --; --; --;1,,
4.38 tỷ; Đường Trung Lực, Phường Đằng Lâm, Quận Hải An, TP. Hải Phòng; 73 m²; --; --; Nam;0,
1.7 tỷ; Xã Thái Mỹ, Huyện Củ Chi, TP. Hồ Chí Minh; 1,033 m²; --; --; --;1,
3.15 tỷ; Xã Diên Đồng, Huyện Diên Khánh, Khánh Hòa; 2,602 m²; 100 m; 28 m; Bắc;0,
1.01 tỷ; Tỉnh lộ 8C , Xã Khánh Bình, Huyện Khánh Vĩnh, Khánh Hòa; 2,231 m²; --; --; Nam;0
520 triệu; Thị trấn Định Quán, Huyện Định Quán, Đồng Nai; 2,236 m²; 40 m; 55 m; Đ.Bắc;0,
369 triệu; Đường 788, Xã Phước Vinh, Huyện Châu Thành, Tây Ninh; 155 m²; 31 m; 5 m; --;1,
1.4 tỷ; Nguyễn Giao, Thị trấn Củ Chi, Huyện Củ Chi, TP. Hồ Chí Minh; 66 m²; 11 m; 6 m; --;1,
1.4 tỷ; Xã Phước Thể, Huyện Tuy Phong, Bình Thuận; 105 m²; 19 m; 6 m; Đ.Bắc;1,,
1.96 tỷ; Phường Vĩnh Điện, Thị xã Điện Bàn, Quảng Nam; 115 m²; 5 m; 25 m; Nam;1,,
3.5 tỷ; Thị trấn Liên Nghĩa, Huyện Đức Trọng, Lâm Đồng; 407 m²; --; --; --;0,,
868 triệu; Xã Phước Thạnh, Huyện Củ Chi, TP. Hồ Chí Minh; 1,300 m²; 45 m; 29.99 m; --;1,
700 triệu; Đồng Văn Dẫn, Thị trấn Thạnh Phú, Huyện Thạnh Phú, Bến Tre; 112 m²; 23 m; 5 m; --;1,
579 triệu; Đường ĐT 781, Xã Phan, Huyện Dương Minh Châu, Tây Ninh; 140 m²; --; --; --;0,
570 triệu; Liên Ấp 3-4-5, Xã Vĩnh Lộc A, Huyện Bình Chánh, TP. Hồ Chí Minh; 75 m²; 15 m; 5 m; --;1,
630 triệu; Liên Ấp 2-3-4, Xã Vĩnh Lộc A, Huyện Bình Chánh, TP. Hồ Chí Minh; 68 m²; 17 m; 4 m; --;1,
629 triệu; 14 D, Thị trấn Thạnh Mỹ, Huyện Nam Giang, Quảng Nam; 132 m²; 25 m; 6 m; --;1,
2.29 tỷ; Thị trấn Thạnh Phú, Huyện Thạnh Phú, Bến Tre; 113 m²; 22.5 m; 5 m; --;0,,
1.35 tỷ; Xã Mỹ Lộc, Huyện Cần Giuộc, Long An; 100 m²; --; --; --;1,,
575 triệu; Đường 14, Xã Thuận Phú, Huyện Đồng Phú, Bình Phước; 1,000 m²; 11 m; 110.99 m; T.Bắc;1
280 triệu; TL 623B, Xã Nghĩa Lâm, Huyện Tư Nghĩa, Quảng Ngãi; 130 m²; 20 m; 5 m; Bắc;1,
1.8 tỷ; Quốc lộ 1A, Xã Thanh Trạch, Huyện Bố Trạch, Quảng Bình; 200 m²; 20 m; 11 m; T.Bắc;1,
949 triệu; Đường Âu Cơ, phường 1, Bảo Lộc, Lâm Đồng; 190 m²; 38 m; 5 m; --;0,
2.1 tỷ; Đường Bạch Mai Đồng Thái, An Dương, Hải Phòng; 45 m²; 11 m; 4 m; --;0,,
899 triệu; Xã Phú Lộc, Huyện Krông Năng, Đắk Lắk; 132 m²; 6 m; 22 m; --;0,,
900 triệu; Đường Nguyễn Trãi, Xã An Viễn, Huyện Trảng Bom, Đồng Nai; 130 m²; 26 m; 5 m; --;1,
375 triệu; Đường Quốc Lộ 13, Xã Trừ Văn Thố, Huyện Bàu Bàng, Bình Dương; 805 m²; 60 m; 13 m; Đ.Bắc;1,
1.5 tỷ; Quốc Lộ 22, Xã Phú Mỹ Hưng, Huyện Củ Chi, TP. Hồ Chí Minh; 568 m²; 15 m; 37 m; --;1,
900 triệu; Xã Phú Lộc, Huyện Krông Năng, Đắk Lắk; 132 m²; 22 m; 6 m; Đ.Nam;1,,
850 triệu; Phố Phùng Hưng, Xã An Viễn, Huyện Trảng Bom, Đồng Nai; 100 m²; 20 m; 5 m; --;1,
1.68 tỷ; Thị trấn Đông Phú, Huyện Quế Sơn, Quảng Nam; 120 m²; 20 m; 6 m; Đ.Bắc;1,,
3.6 tỷ; Đường Thăng Long, Xã Nghi Kim, TP Vinh, Nghệ An; 120 m²; 20 m; 6.2 m; --;0,
950 triệu; Quốc lộ 1A, Xã Bình An, Huyện Thăng Bình, Quảng Nam; 100 m²; 20 m; 5 m; T.Nam;1,
8.5 tỷ; Đường Cổ Linh, Phường Long Biên, Quận Long Biên, TP Hà Nội; 52 m²; 12.4 m; 4.2 m; --;0,
650 triệu; Xã Tân Lợi, Huyện Đồng Phú, Bình Phước; 266 m²; --; --; --;0,,
800 triệu; Xã Nha Bích, Thị xã Chơn Thành, Bình Phước; 1,000 m²; 100 m; 10 m; --;1,
380 triệu; Xã Tân Lợi, Huyện Đồng Phú, Bình Phước; 1,000 m²; 68 m; 15 m; --;0,
680 triệu; Đường Quốc Lộ 50, Xã Phước Đông, Huyện Cần Đước, Long An; 97 m²; 21 m; 4.6 m; Nam;1,
1.2 tỷ; Đường 55, Xã Lộc Nam, Huyện Bảo Lâm, Lâm Đồng; 120 m²; 20 m; 6 m; --;1,
520 triệu; Phường Phú Cường, TP. Thủ Dầu Một, Bình Dương; 1,300 m²; --; --; --;1,
2.8 tỷ; Đường Cổ Linh, Phường Thạch Bàn, Quận Long Biên, TP Hà Nội; 43 m²; 11 m; 4 m; --;0,
539 triệu; Đường 14, Phường Chánh Phú Hòa, Thị xã Bến Cát, Bình Dương; 70 m²; 14 m; 5 m; --;1,
560 triệu; Đường ĐT 759, Phường Phước Bình, Thị xã Phước Long, Bình Phước; 110 m²; 18.1 m; 6 m; --;0,
378 triệu; Đường ĐT 788, Xã Phước Vinh, Huyện Châu Thành, Tây Ninh; 150 m²; 31 m; 5 m; --;1,
1 tỷ; Phường Uyên Hưng, Thị xã Tân Uyên, Bình Dương; 65 m²; --; --; --;1,,
1.7 tỷ; Đường 30/4, Xã Nghĩa Phú, TP Quãng Ngãi, Quãng Ngãi; 100 m²; 20 m; 5 m; --;0,
1.75 tỷ; Xã Đặng Xá, Huyện Gia Lâm, TP. Hà Nội; 43 m²; --; --; --;0,,
4.6 tỷ; Đường Nguyễn Ái Quốc, Phường Tân Phong, TP Biên Hòa, Đồng Nai; 100 m²; 20 m; 5 m; --;0,
2.32 tỷ; Xã Đặng Xá, Huyện Gia Lâm, TP. Hà Nội; 45 m²; --; --; --;0,,
3.25 tỷ; Đường Thanh Lãm Phú Lãm, Hà Đông, Hà Nội; 40 m²; 11 m; 3.6 m; --;0,,
1.45 tỷ; Đường Quang Minh Thanh Lâm, Mê Linh, Hà Nội; 58 m²; 14 m; 4 m; --;0,,
1.98 tỷ; Xã Đại Áng, Huyện Thanh Trì, TP. Hà Nội; 66 m²; --; 4 m; --;0,,
1.68 tỷ; Đường D30 Vĩnh Hiệp, Nha Trang, Khánh Hòa; 105 m²; 15 m; 8 m; --;0,,
950 triệu; Đường 603 Điện Ngọc, Điện Bàn, Quảng Nam; 201 m²; 9 m; 5 m; --;0,,
3.65 tỷ; Đường Ngô Đến, Phường Ngọc Hiệp, TP. Nha Trang, Khánh Hòa; 117 m²; 20 m; 6 m; T.Nam;0,
2.5 tỷ; Xã Phước Lý, Huyện Cần Giuộc, Long An; 80 m²; 5 m; 16 m; --;1,,
630 triệu; Quốc Lộ 50, Xã Quy Đức, Huyện Bình Chánh, TP. Hồ Chí Minh; 95 m²; --; --; --;0,
450 triệu; Đường 10, Xã Tân Viên, Huyện An Lão, TP Hải Phòng; 68 m²; 12 m; 6 m; --;0,
1.15 tỷ; Xã Phước Lợi, Huyện Bến Lức, Long An; 80 m²; 16 m; 4.99 m; --;1,,
1.1 tỷ; Phường Hòa Lợi, Thị xã Bến Cát, Bình Dương; 80 m²; --; --; --;0,,
3.36 tỷ; Hồ Học Lãm, Phường An Lạc, Quận Bình Tân, TP. Hồ Chí Minh; 61 m²; --; --; --;1,
900 triệu; Xã Phú Lộc, Huyện Krông Năng, Đắk Lắk; 132 m²; 22 m; 6 m; Đ.Nam;1,,
900 triệu; Xã Phú Lộc, Huyện Krông Năng, Đắk Lắk; 132 m²; 22 m; 6 m; Đ.Nam;1,,
989 triệu; Nguyễn Tất Thành, Xã Đại An, Huyện Đại Lộc, Quảng Nam; 139 m²; --; 8 m; --;1,
1.48 tỷ; Xã Thanh Lâm, Huyện Mê Linh, TP. Hà Nội; 80 m²; 16 m; 5 m; T.Bắc;0,,
899 triệu; Đường Hùng Vương Phú Lộc, Krong Năng, Đắk Lắk; 132 m²; 22 m; 6 m; --;0,,
300 triệu; TL 623B, Xã Nghĩa Lâm, Huyện Tư Nghĩa, Quảng Ngãi; 130 m²; 20 m; 5 m; Bắc;1,
288 triệu; Xã Nghĩa Lâm, Huyện Tư Nghĩa, Quảng Ngãi; 133 m²; 25 m; 56 m; Đ.Nam;1,,
340 triệu; Liên Ấp 2-6, Xã Vĩnh Lộc A, Huyện Bình Chánh, TP. Hồ Chí Minh; 56 m²; 14 m; 4 m; --;1,
1.1 tỷ; Phường Hòa Lợi, Thị xã Bến Cát, Bình Dương; 70 m²; --; --; --;0,,
2.1 tỷ; Phường Hải Thành, Quận Dương Kinh, TP. Hải Phòng; 45 m²; --; --; --;1,,
935 triệu; Đường Âu Cơ, Phường 1, TP Bảo Lộc, Lâm Đồng; 160 m²; 32 m; 5 m; --;0,
798 triệu; Tỉnh lộ 8C , Xã Khánh Hiệp, Huyện Khánh Vĩnh, Khánh Hòa; 2,100 m²; 56 m; 58 m; Nam;1
2.4 tỷ; Xã Y Tý, Huyện Bát Xát, Lào Cai; 800 m²; --; --; Nam;0,,
480 triệu; Xã Bến Củi, Huyện Dương Minh Châu, Tây Ninh; 140 m²; 28 m; 5 m; --;0,,
1.65 tỷ; Xã Phú Hòa Đông, Huyện Củ Chi, TP. Hồ Chí Minh; 99 m²; --; --; --;1,,
730 triệu; Xã Truông Mít, Huyện Dương Minh Châu, Tây Ninh; 529.20 m²; --; --; Tây;1,,
770 triệu; Đường Suối Thông B, Xã Đạ Ròn, Huyện Đơn Dương, Lâm Đồng; 175 m²; 25 m; 7 m; Bắc;1,
500 triệu; Xã Tân Hương, Huyện Châu Thành, Tiền Giang; 110 m²; 23 m; 4.98 m; --;0,,
850 triệu; Đường Tỉnh 826, Xã Long Trạch, Huyện Cần Đước, Long An; 100 m²; 20 m; 5 m; --;1,
550 triệu; Đường 304, Xã Quang Hưng, Huyện An Lão, TP. Hải Phòng; 80 m²; --; --; --;1,
900 triệu; Xã Phú Lộc, Huyện Krông Năng, Đắk Lắk; 138 m²; --; --; --;1,,
900 triệu; Xã Phú Lộc, Huyện Krông Năng, Đắk Lắk; 138 m²; --; --; --;0,,
900 triệu; Xã Phú Lộc, Huyện Krông Năng, Đắk Lắk; 132 m²; 22 m; 6 m; Đ.Nam;0,,
900 triệu; Xã Phú Lộc, Huyện Krông Năng, Đắk Lắk; 132 m²; 22 m; 6 m; --;1,,
600 triệu; TỈNH LỘ 6 , Xã Ninh Thượng, Thị xã Ninh Hòa, Khánh Hòa; 305 m²; 35 m; 8 m; --;0,
580 triệu; Xã Thạnh Đức, Huyện Gò Dầu, Tây Ninh; 125 m²; 25 m; 5 m; --;0,,
200 triệu; Dương Văn Hạnh, Thị trấn Cần Thạnh, Huyện Cần Giờ, TP. Hồ Chí Minh; 1,000 m²; 30 m; 33 m; --;1
490 triệu; Đường 743A, Phường Dĩ An, TP. Dĩ An, Bình Dương; 1,200 m²; --; --; --;0
2.6 tỷ; Tỉnh lộ 10, Phường Phú Thượng, Huyện Phú Vang, Thừa Thiên Huế; 105 m²; 21 m; 5 m; Nam;1,
1.05 tỷ; Đường 13, Phường Mỹ Phước, Thị xã Bến Cát, Bình Dương; 100 m²; 20 m; 5 m; --;0,
460 triệu; Đường ĐT 781, Xã Suối Đá, Huyện Dương Minh Châu, Tây Ninh; 250 m²; 50 m; 5 m; --;0,
680 triệu; Xã An Viễn, Huyện Trảng Bom, Đồng Nai; 100 m²; 20 m; 5 m; --;0,,
899 triệu; Thị trấn Krông Năng, Huyện Krông Năng, Đắk Lắk; 132 m²; --; --; --;0,,
900 triệu; Đường Lê Thị Riêng, Phường Bến Thành, Quận 1, TP. Hồ Chí Minh; 132 m²; 22 m; 6 m; Đ.Bắc;1,
900 triệu; Xã Phú Lộc, Huyện Krông Năng, Đắk Lắk; 132 m²; 22 m; 6 m; --;1,,
901 triệu; Hùng Vương, Xã Phú Lộc, Huyện Krông Năng, Đắk Lắk; 132 m²; 22 m; 6 m; --;1,
899 triệu; Thị trấn Krông Năng, Huyện Krông Năng, Đắk Lắk; 132 m²; 22 m; 5 m; --;1,,
908 triệu; Thị trấn Krông Năng, Huyện Krông Năng, Đắk Lắk; 132 m²; 22 m; 6 m; --;1,,
899 triệu; Thị trấn Krông Năng, Huyện Krông Năng, Đắk Lắk; 132 m²; 22 m; 6 m; --;1,,
903 triệu; Xã Phú Lộc, Huyện Krông Năng, Đắk Lắk; 132 m²; 22 m; 6 m; --;1,,
899 triệu; Thị trấn Krông Năng, Huyện Krông Năng, Đắk Lắk; 100 m²; --; --; --;0,,
1.94 tỷ; Trần Hưng Đạo, Phường Hoà Vinh, Huyện Đông Hòa, Phú Yên; 140 m²; 28 m; 5 m; Đông;1,
900 triệu; Xã Phú Lộc, Huyện Krông Năng, Đắk Lắk; 132 m²; 22 m; 6 m; --;1,,
900 triệu; Phường Dịch Vọng, Quận Cầu Giấy, TP. Hà Nội; 132 m²; 22 m; 6 m; Đ.Bắc;1,,
1.2 tỷ; Thị trấn Hà Lam, Huyện Thăng Bình, Quảng Nam; 120 m²; 20 m; 6 m; Đ.Nam;1,,
898 triệu; Xã Phú Lộc, Huyện Krông Năng, Đắk Lắk; 132 m²; 22 m; 6 m; --;1,,
330 triệu; Quốc lộ 1A, Xã Bình An, Huyện Thăng Bình, Quảng Nam; 100 m²; 20 m; 5 m; Đ.Nam;1,
535 triệu; QL50, Thị trấn Cần Đước, Huyện Cần Đước, Long An; 104 m²; --; --; --;1,
800 triệu; Thị trấn Long Thành, Huyện Long Thành, Đồng Nai; 1,000 m²; 40 m; 25 m; --;1,
1.1 tỷ; Xã Đức Hòa Đông, Huyện Đức Hòa, Long An; 90 m²; 18 m; 5 m; --;1,,
6 tỷ; Đường Quốc Lộ 6, Xã Thu Phong, Huyện Cao Phong, Hòa Bình; 5,689 m²; --; --; --;0
360 triệu; Xã Vĩnh Lộc A, Huyện Bình Chánh, TP. Hồ Chí Minh; 40 m²; --; --; --;0,,
7.5 tỷ; Đường Liên Huyện, Phường An Phú, TP. Thuận An, Bình Dương; 163 m²; 25 m; 7 m; --;1,
799 triệu; Nguyễn Tất Thành, Thị Trấn Ái Nghĩa, Huyện Đại Lộc, Quảng Nam; 150 m²; --; --; --;0,
2.8 tỷ; Đinh Đức Thiện, Xã Bình Chánh, Huyện Bình Chánh, TP. Hồ Chí Minh; 100 m²; 5 m; 20 m; --;1,
420 triệu; Xã Vĩnh Lộc A, Huyện Bình Chánh, TP. Hồ Chí Minh; 48 m²; --; --; --;0,,
2.5 tỷ; Đường Lê Văn Lương, Phường Tân Phong, Quận 7, TPHCM; 100 m²; 20 m; 5 m; --;0,
379 triệu; Đường 788, Xã Phước Vinh, Huyện Châu Thành, Tây Ninh; 150 m²; 430 m; 5 m; --;1,
1.39 tỷ; Đường Số 1H, Phường Tân Thuận Đông, Quận 7, TP. Hồ Chí Minh; 105 m²; --; --; --;0,
330 triệu; Đường ĐT 756B, Xã Nha Bích, Thị xã Chơn Thành, Bình Phước; 750 m²; 50 m; 14.99 m; --;1,
1.39 tỷ; Đường Số 1H, Phường Tân Thuận Đông, Quận 7, TP. Hồ Chí Minh; 90 m²; --; --; --;0,
500 triệu; Xã Lộc Thành, Huyện Lộc Ninh, Bình Phước; 1,000 m²; 5 m; 50 m; --;1,
899 triệu; Xã Phú Lộc, Huyện Krông Năng, Đắk Lắk; 132 m²; 6 m; 22 m; --;0,,
35 tỷ; Khu villa thủ thiêm, Phường Thạnh Mỹ Lợi, TP. Thủ Đức, TP. Hồ Chí Minh; 196 m²; --; --; --;1,
6.3 tỷ; Đường Đặng Ma La, Kênh Dương, Lê Chân, Hải Phòng; 100 m²; 20 m; 5 m; --;0,
34 tỷ; 88 TML, Phường Thạnh Mỹ Lợi, TP. Thủ Đức, TP. Hồ Chí Minh; 177 m²; --; --; --;1,
520 triệu; Đường Quốc Lộ 6 Mỹ Hòa, Tân Lạc , Hòa Bình; 665 m²; --; --; --;0,,
1.5 tỷ; Quốc Lộ 50, Xã Phong Phú, Huyện Bình Chánh, TP. Hồ Chí Minh; 140 m²; --; --; --;0,
546 triệu; Đường Lái Thiêu 12, Phường Lái Thiêu, TP. Thuận An, Bình Dương; 100 m²; 5 m; 20 m; Đông;1,
3.5 tỷ; Hà Huy Giáp, Phường Thạnh Lộc, Quận 12, TP. Hồ Chí Minh; 62.20 m²; 15.5 m; 4 m; T.Nam;1,
2.5 tỷ; Xã Chiềng Sơn, Huyện Mộc Châu, Sơn La; 860 m²; --; --; --;0,,
36.5 tỷ; 280a Lương Định Của, Phường An Phú, TP. Thủ Đức, TP. Hồ Chí Minh; 126 m²; 7 m; 18 m; --;1,
2.4 tỷ; Đường Hồ Chí Minh Ba Hàng Đồi, Lạc Thủy, Hòa Bình; 1,200 m²; --; --; --;0,
2.55 tỷ; Phường Long Bình, TP. Thủ Đức, TP. Hồ Chí Minh; 105 m²; 21 m; 5 m; --;1,,
2.55 tỷ; Phường Long Bình, TP. Thủ Đức, TP. Hồ Chí Minh; 105 m²; 21 m; 5 m; --;1,,
1.35 tỷ; Xã Phước Đồng, TP. Nha Trang, Khánh Hòa; 118 m²; 15 m; 8 m; Đ.Nam;0,,
7.73 tỷ; Đường 12 Hiệp Thạnh, Gò Dầu, Tây Ninh; 3,865 m²; --; --; --;0,
500 triệu; Xã Phú Ngọc, Huyện Định Quán, Đồng Nai; 2 m²; --; --; --;0,,
900 triệu; Tỉnh lộ 2, Xã Phước Vĩnh An, Huyện Củ Chi, TP. Hồ Chí Minh; 100 m²; 5 m; 20 m; --;1,
379 triệu; Xã Phước Vinh, Huyện Châu Thành, Tây Ninh; 150 m²; 29 m; 5 m; --;1,,
500 triệu; DT610B, Xã Điện Phong, Thị xã Điện Bàn, Quảng Nam; 110 m²; 20 m; 5 m; Bắc;1,
500 triệu; Đường 304, Xã Quốc Tuấn, Huyện An Lão, TP. Hải Phòng; 67 m²; 15 m; 4 m; Đ.Nam;1,
570 triệu; Đường ĐT 759 Phước Tín, Phước Long, Bình Phước; 110 m²; 18 m; 6 m; --;0,,
800 triệu; Đường 301 Bát Trang, An Lão, Hải Phòng; 72 m²; 16 m; 5.25 m; --;0,,
1.6 tỷ; Nguyễn Văn Khạ, Xã Tân An Hội, Huyện Củ Chi, TP. Hồ Chí Minh; 90 m²; 18 m; 5 m; Đông;1,
550 triệu; Thị trấn Trảng Bàng, Huyện Trảng Bàng, Tây Ninh; 150 m²; --; --; --;1,,
1.4 tỷ; Nguyễn Thị Rành, Xã Nhuận Đức, Huyện Củ Chi, TP. Hồ Chí Minh; 566 m²; 47 m; 12 m; --;1,
739 triệu; Xã Tân Phúc, Huyện Ân Thi, Hưng Yên; 80 m²; 16 m; 5 m; --;0,,
939 triệu; Đường Âu Cơ, phường 1, Bảo Lộc, Lâm Đồng; 180 m²; 36 m; 5 m; --;0,
280 triệu; Xã Nghĩa Lâm, Huyện Tư Nghĩa, Quảng Ngãi; 130 m²; 25 m; 5 m; Đ.Nam;1,,
2.5 tỷ; Đường Lê Văn Lương, Tân Phong, Quận 7, TP. HCM; 100 m²; 20 m; 5 m; --;0,
1.6 tỷ; Đường Bồ Sơn 1, Võ Cường, TP. Bắc Ninh, Bắc Ninh; 60 m²; 12 m; 5 m; --;0,
490 triệu; Xã Điện Phong, Thị xã Điện Bàn, Quảng Nam; 130 m²; 25 m; 7 m; Nam;1,,
700 triệu; Xã Đạm Bri, TP. Bảo Lộc, Lâm Đồng; 502 m²; 54 m; 9.2 m; --;1,,
739 triệu; Xã Tân Phúc, Huyện Ân Thi, Hưng Yên; 70 m²; 14 m; 5 m; --;0,,
1.6 tỷ; Thị trấn Thạnh Phú, Huyện Thạnh Phú, Bến Tre; 120 m²; --; --; --;0,,
1.2 tỷ; Đường 769, Xã Bình Sơn, Huyện Long Thành, Đồng Nai; 100 m²; 20 m; 4.92 m; --;1,
1.5 tỷ; ĐT769, Xã Lộ 25, Huyện Thống Nhất, Đồng Nai; 150 m²; 30 m; 5 m; --;1,
1.2 tỷ; ĐT769, Xã Lộ 25, Huyện Thống Nhất, Đồng Nai; 100 m²; 5 m; 20 m; --;1,
1.04 tỷ; DT769, Xã Lộ 25, Huyện Thống Nhất, Đồng Nai; 115 m²; 5 m; 23 m; --;1,
1.15 tỷ; Xã Lộ 25, Huyện Thống Nhất, Đồng Nai; 115 m²; 25 m; 5 m; --;1,,
1 tỷ; Tl769, Xã Lộ 25, Huyện Thống Nhất, Đồng Nai; 100 m²; 20 m; 5 m; --;1,
2.55 tỷ; Ngô Chí Quốc, Phường Bình Chiểu, TP. Thủ Đức, TP. Hồ Chí Minh; 85 m²; 17 m; 5 m; --;1,
1.2 tỷ; Đường 769, Xã Lộ 25, Huyện Thống Nhất, Đồng Nai; 120 m²; 20 m; 6 m; --;1,
800 triệu; Đường mòn HCM, Xã Quảng Nhân, Huyện Quảng Xương, Thanh Hóa; 180 m²; 6 m; 30 m; Đ.Bắc;1,
1.2 tỷ; Đường ĐT 769, Xã Bình Sơn, Huyện Long Thành, Đồng Nai; 120 m²; 20 m; 6 m; --;1,
1.3 tỷ; Xã Nhuận Đức, Huyện Củ Chi, TP. Hồ Chí Minh; 566 m²; --; --; --;1,,
350 triệu; Phường Mỹ Phước, Thị xã Bến Cát, Bình Dương; 250 m²; --; --; --;1,,
810 triệu; Đường Quốc lộ 14, Xã Nha Bích, Thị xã Chơn Thành, Bình Phước; 1,000 m²; 37 m; 27 m; --;1
1.43 tỷ; Thị trấn Thạnh Phú, Huyện Thạnh Phú, Bến Tre; 120 m²; 24 m; 5 m; --;0,,
3.99 tỷ; Đường Nguyễn Sinh Sắc, Phường Hòa Minh, Quận Liên Chiểu, TP. Đà Nẵng; 95 m²; 19 m; 5 m; T.Nam;1,
3.99 tỷ; Đường Nguyễn Sinh Sắc, Phường Hòa Minh, Quận Liên Chiểu, TP. Đà Nẵng; 95 m²; 19 m; 5 m; T.Nam;1,
780 triệu; Đường ĐT 826, Xã Tân Trạch, Huyện Cần Đước, Long An; 85 m²; --; --; --;0,
800 triệu; Xã Hố Nai 3, Huyện Trảng Bom, Đồng Nai; 1,000 m²; 40 m; 25 m; --;1,
1.48 tỷ; Thị trấn Lộc Thắng, Huyện Bảo Lâm, Lâm Đồng; 500 m²; 10 m; 50 m; --;1,,
470 triệu; Hương lộ 80, Xã Vĩnh Lộc B, Huyện Bình Chánh, TP. Hồ Chí Minh; 75 m²; 15 m; 5 m; --;1,
600 triệu; Đồng Văn Dẫn, Thị trấn Thạnh Phú, Huyện Thạnh Phú, Bến Tre; 120 m²; 24 m; 5 m; --;1,
689 triệu; Đường Đại Lộ Bình Dương, Phường Thới Hòa, Thị xã Bến Cát, Bình Dương; 120 m²; 24 m; 5 m; Đông;1,
899 triệu; Đường Hùng Vương, Xã Phú Lộc, Huyện Krông Năng, Đắk Lắk; 132 m²; --; --; --;0,
6.63 tỷ; Đường Tân Thành Tân Thành, Dương Kinh, Hải Phòng; 603 m²; 27 m; 22 m; --;0,,
682 triệu; Xã Hồng Liêm, Huyện Hàm Thuận Bắc, Bình Thuận; 2,727 m²; --; --; Đông;0,
720 triệu; Đường ĐT 741, Xã Phú Riềng, Huyện Phú Riềng, Bình Phước; 244 m²; 36 m; 5.67 m; --;0,
375 triệu; Đường Quốc Lộ 13, Phường Minh Thành, Thị xã Chơn Thành, Bình Phước; 805 m²; 60 m; 13.5 m; Đ.Nam;1,
1.34 tỷ; Xã Hồng Liêm, Huyện Hàm Thuận Bắc, Bình Thuận; 5,458 m²; --; --; Đông;1,
1.9 tỷ; Quốc lộ 1A, Xã Thanh Trạch, Huyện Bố Trạch, Quảng Bình; 200 m²; 20 m; 10.99 m; T.Bắc;1,
1.23 tỷ; Xã Sông Lũy, Huyện Bắc Bình, Bình Thuận; 8,459.30 m²; --; --; Đông;1,
680 triệu; Đường Trần Hưng Đạo, Phường Tiến Thành, TP. Đồng Xoài, Bình Phước; 150 m²; --; --; --;0,
1.06 tỷ; Xã Sông Lũy, Huyện Bắc Bình, Bình Thuận; 8,459 m²; --; --; --;1,
1.18 tỷ; Xã Sông Lũy, Huyện Bắc Bình, Bình Thuận; 8,459 m²; --; --; Đông;1,
3.5 tỷ; Đường Tam Đa , Phường Trường Thạnh, TP. Thủ Đức, TP. Hồ Chí Minh; 72 m²; 18 m; 4 m; --;1,
2.05 tỷ; Xã Hòa Thắng, Huyện Bắc Bình, Bình Thuận; 12,000 m²; --; --; --;0,
1.17 tỷ; Xã Hòa Phú, Huyện Tuy Phong, Bình Thuận; 78 m²; --; --; T.Bắc;0,,
1.9 tỷ; Đường Tràm Lạc Mỹ Hạnh Bắc, Đức hòa,Long An; 112 m²; 23 m; 5 m; --;0,,
350 triệu; Tuyến Ống Nước Sạch, Xã Đông Thạnh, Huyện Hóc Môn, TP. Hồ Chí Minh; 10,000 m²; 80 m; 125 m; --;1
1.7 tỷ; Đường Tỉnh Lộ 131, Quang Tiến, Sóc Sơn, HN; 70 m²; 14 m; 5 m; --;0,
3.5 tỷ; Phường Ngọc Xuyên, Quận Đồ Sơn, TP. Hải Phòng; 91 m²; --; --; --;0,,
920 triệu; Xã Hòa Thắng, Huyện Bắc Bình, Bình Thuận; 3,913 m²; --; --; --;1,
2.6 tỷ; Xã Hòa Thắng, Huyện Bắc Bình, Bình Thuận; 1,040 m²; --; --; --;1,
1.6 tỷ; Xã Hồng Thái, Huyện Bắc Bình, Bình Thuận; 14,579 m²; --; --; --;1,
1.77 tỷ; Xã Hồng Thái, Huyện Bắc Bình, Bình Thuận; 17.74 m²; --; --; --;1,,
515 triệu; Xã Hồng Thái, Huyện Bắc Bình, Bình Thuận; 3,219 m²; --; --; --;1,
2.08 tỷ; Xã Bình Tân, Huyện Bắc Bình, Bình Thuận; 6,315 m²; --; --; --;1,
515 triệu; Xã Hồng Thái, Huyện Bắc Bình, Bình Thuận; 3,219 m²; --; --; --;1,
1.2 tỷ; Xã Hòa Thắng, Huyện Bắc Bình, Bình Thuận; 5,197 m²; --; --; --;1,
539 triệu; Đường 14, Phường Chánh Phú Hòa, Thị xã Bến Cát, Bình Dương; 70 m²; 14 m; 5 m; --;1,
1.08 tỷ; Quốc lộ 1A, Xã Bình An, Huyện Thăng Bình, Quảng Nam; 108 m²; 18 m; 6 m; Đ.Nam;1,
950 triệu; Phường Thới Hòa, Thị xã Bến Cát, Bình Dương; 100 m²; 20 m; 5 m; --;1,,
950 triệu; Phường Thới Hòa, Thị xã Bến Cát, Bình Dương; 100 m²; 20 m; 4.98 m; --;1,,
950 triệu; Phường Tân Phước Khánh, Thị xã Tân Uyên, Bình Dương; 100 m²; 20 m; 5 m; Nam;1,,
1 tỷ; Phường Uyên Hưng, Thị xã Tân Uyên, Bình Dương; 65 m²; --; --; --;0,,
980 triệu; Đường 13, Phường Thới Hòa, Thị xã Bến Cát, Bình Dương; 105 m²; 21 m; 5 m; --;0,
1.6 tỷ; Phường Mỹ Phước, Thị xã Bến Cát, Bình Dương; 150 m²; 30 m; 5 m; --;0,,
3.5 tỷ; Đường Huỳnh Văn Nghệ, Phường Bửu Long, TP. Biên Hòa, Đồng Nai; 132 m²; --; 4.5 m; Nam;0,
3.6 tỷ; Đường Võ Thị Sáu, Quyết Thắng, Biên Hòa, Đồng Nai; 70 m²; 14 m; 5 m; --;0,
440 triệu; Đường ĐT 763, Suối Nho, Huyện Định Quán, Đồng Nai; 1,000 m²; 100 m; 10 m; --;0
825 triệu; Đường 22B, Xã Trường Hòa, Huyện Hòa Thành, Tây Ninh; 145 m²; --; --; --;0,
600 triệu; Hồ Thị Hương, Xã Bàu Trâm, TP. Long Khánh, Đồng Nai; 120 m²; 20 m; 6 m; --;1,
450 triệu; Đường 265, Xã Đông Sơn, Huyện Yên Thế, Bắc Giang; 500 m²; 14 m; 8.5 m; --;0,
9 tỷ; Đường Đặng Đại Độ Hiệp Hòa, Biên Hòa, Đồng Nai; 210 m²; 21 m; 10 m; --;0,,
2.52 tỷ; Đường Phúc Lợi, Phường Phúc Lợi, Quận Long Biên, TP. Hà Nội; 39 m²; --; 4.6 m; --;1,
2.4 tỷ; Đường Đản Dị Uy Nỗ, Đông Anh, Hà Nội; 41 m²; --; 4 m; --;0,,
4.2 tỷ; Đường Hải Thành Hải Thành, Dương Kinh, Hải Phòng; 120 m²; 20 m; 6 m; --;0,,
450 triệu; Đường 10, Tân Viên, An Lão, TP. Hải Phòng; 68 m²; 12 m; 6 m; --;0,
8 tỷ; Xã Tam Thanh, TP. Tam Kỳ, Quảng Nam; 293 m²; 33 m; 13 m; Đ.Nam;1,,
1.7 tỷ; Đường DX 614, Thị trấn Lai Uyên, Huyện Bàu Bàng, Bình Dương; 100 m²; 20 m; 5 m; T.Nam;1,
500 triệu; TL623B, Xã Điện Phong, Thị xã Điện Bàn, Quảng Nam; 110 m²; 20 m; 5 m; Bắc;1,
900 triệu; Xã Phú Lộc, Huyện Krông Năng, Đắk Lắk; 138 m²; 6 m; 23 m; --;0,,
900 triệu; Xã Phú Lộc, Huyện Krông Năng, Đắk Lắk; 138 m²; 6 m; 23 m; --;0,,
900 triệu; Xã Phú Lộc, Huyện Krông Năng, Đắk Lắk; 138 m²; 22 m; 6 m; --;0,,
1.95 tỷ; Đường Đinh Đức Thiện, Xã Bình Chánh, Huyện Bình Chánh, TP. Hồ Chí Minh; 150 m²; 15 m; 10 m; --;1,
480 triệu; Xã Bến Củi, Huyện Dương Minh Châu, Tây Ninh; 140 m²; 28 m; 5 m; --;0,,
380 triệu; Đường 8, Xã Khánh Hiệp, Huyện Khánh Vĩnh, Khánh Hòa; 1,000 m²; 50 m; 20 m; Đông;1
2.91 tỷ; Mỹ Lộc, Xã Thanh Lâm, Huyện Mê Linh, TP. Hà Nội; 153 m²; 16 m; 10 m; Đông;0,
2 tỷ; Xã Y Tý, Huyện Bát Xát, Lào Cai; 999 m²; --; --; --;0,,
580 triệu; Xã Thạnh Đức, Huyện Gò Dầu, Tây Ninh; 125 m²; 25 m; 5 m; --;0,,
949 triệu; Đường Nguyễn Tất Thành, Thị Trấn Ái Nghĩa, Huyện Đại Lộc, Quảng Nam; 149 m²; --; 7 m; --;1,
900 triệu; Đường Hùng Vương, Xã Phú Lộc, Huyện Krông Năng, Đắk Lắk; 140 m²; 22 m; 6 m; Đ.Nam;1,
1.33 tỷ; Xã Hưng Lộc, Huyện Thống Nhất, Đồng Nai; 179 m²; 5 m; 20 m; Đông;0,,
3.88 tỷ; Đường Huỳnh Tấn Phát, Phú Xuân, Nhà Bè, HCM; 83 m²; 16.7 m; 5 m; --;0,
480 triệu; Liên Ấp 2-6, Xã Vĩnh Lộc A, Huyện Bình Chánh, TP. Hồ Chí Minh; 60 m²; 15 m; 4 m; --;1,
2 tỷ; Thị trấn NT Mộc Châu, Huyện Mộc Châu, Sơn La; 670 m²; --; --; --;0,,
1.6 tỷ; Đường Quốc Lộ 13, Phường Vĩnh Phú, TP Thuận An, Bình Dương; 100 m²; 20 m; 5 m; --;0,
935 triệu; Đường Âu Cơ, Phường 1, TP Bảo Lộc, Lâm Đồng; 165 m²; 33 m; 5 m; --;0,
6.7 tỷ; Đường Tân Thành, Phường Tân Thành, Quận Dương Kinh, TP Hải Phòng; 600 m²; 27 m; 22 m; --;0,
350 triệu; Xã Bình Đông, Thị xã Gò Công, Tiền Giang; 100 m²; 20 m; 5 m; --;1,,
550 triệu; Đường Quốc Lộ 10, Xã Quang Hưng, Huyện An Lão, TP. Hải Phòng; 65 m²; 15 m; 5 m; --;1,
1.49 tỷ; Đường Đức Hòa Đông, Xã Đức Hòa Đông, Huyện Đức Hòa, Long An; 90 m²; 5 m; 18 m; --;1,
1.2 tỷ; Xã Phước Lợi, Huyện Bến Lức, Long An; 80 m²; 16 m; 5 m; --;1,,
963 triệu; Quốc lộ 1A, Xã Bình An, Huyện Thăng Bình, Quảng Nam; 108 m²; 18 m; 6 m; Đ.Nam;1,
1.6 tỷ; Phường Ngọc Xuyên, Quận Đồ Sơn, TP. Hải Phòng; 40 m²; --; --; --;0,,
400 triệu; Đường 18/9, Xã Phước Hoà, Huyện Phú Giáo, Bình Dương; 2,020 m²; --; --; --;0
576 triệu; Đường Quốc Lộ 50, Xã Tân Lân, Huyện Cần Đước, Long An; 80 m²; --; --; --;0,
550 triệu; Xã Tân Hưng, Huyện Đồng Phú, Bình Phước; 1,000 m²; --; --; --;1,
1.2 tỷ; QL1A, Thị trấn Hà Lam, Huyện Thăng Bình, Quảng Nam; 120 m²; 20 m; 6 m; Đ.Nam;1,
382 triệu; DT 788, Xã Phước Vinh, Huyện Châu Thành, Tây Ninh; 150 m²; 34 m; 45 m; Nam;1,
3.05 tỷ; Xã Ngọc Hồi, Huyện Thanh Trì, TP. Hà Nội; 43 m²; --; 4.6 m; --;0,,
700 triệu; Đường Quốc Lộ 50, Xã Phước Đông, Huyện Cần Đước, Long An; 200 m²; 20 m; 10 m; --;1,
1.65 tỷ; Xã Phú Hòa Đông, Huyện Củ Chi, TP. Hồ Chí Minh; 99 m²; --; --; --;1,,
500 triệu; Xã Vĩnh Lộc A, Huyện Bình Chánh, TP. Hồ Chí Minh; 95 m²; 18 m; 5 m; --;1,,
1.35 tỷ; Đường Quốc lộ 1A, Xã Phước Thể, Huyện Tuy Phong, Bình Thuận; 105 m²; 5.5 m; 19 m; Bắc;1,
7 tỷ; Đường Phong Châu, Xã Vĩnh Thái, TP. Nha Trang, Khánh Hòa; 100 m²; 5 m; 20 m; Đ.Bắc;0,
480 triệu; Đường ĐT 741B, Thị trấn Lai Uyên, Huyện Bàu Bàng, Bình Dương; 450 m²; 45 m; 10 m; --;1,
450 triệu; Quốc lộ 14, Xã Đắk Lao, Huyện Đắk Mil, Đắk Nông; 6,000 m²; 60 m; 100 m; --;1
382 triệu; DT 788, Xã Phước Vinh, Huyện Châu Thành, Tây Ninh; 150 m²; 33.99 m; 5 m; Nam;1,
550 triệu; Đường 304, Xã Quang Hưng, Huyện An Lão, TP. Hải Phòng; 80 m²; 18 m; 80 m; --;1,
379 triệu; Xã Phước Vinh, Huyện Châu Thành, Tây Ninh; 150 m²; 30 m; 4.99 m; --;1,,
899 triệu; Đường Hùng Vương, Xã Phú Lộc, Huyện Krông Năng, Đắk Lắk; 132 m²; --; --; --;0,
1.6 tỷ; Đường 387, Xã Tân An Hội, Huyện Củ Chi, TP. Hồ Chí Minh; 100 m²; --; --; --;1,
2 tỷ; Đường Tỉnh lộ 852, An Hòa, TP. Sa Đéc, Đồng Tháp; 101 m²; 20 m; 5.1 m; --;0,
22.5 tỷ; Đường Xuân Thới Thượng 26, Xã Xuân Thới Thượng, Huyện Hóc Môn, TPHCM; 793 m²; 27 m; 29 m; --;0,
595 triệu; Đường Quốc Lộ 13, Phường Minh Hưng, Thị xã Chơn Thành, Bình Phước; 500 m²; 47 m; 11 m; --;0,
1.41 tỷ; Đường Hải Bối, Hải Bối, Đông Anh, Hà Nội; 42 m²; 10 m; 4 m; --;0,
920 triệu; Đường ĐT 826, Xã Long Khê, Huyện Cần Đước, Long An; 125 m²; --; --; --;1,
610 triệu; Đa Phước, Xã Phong Phú, Huyện Bình Chánh, TP. Hồ Chí Minh; 85 m²; 17 m; 5 m; --;0,
4.9 tỷ; Thị trấn Cam Đức, Huyện Cam Lâm, Khánh Hòa; 643 m²; 33 m; 20 m; Nam;0,,
3.47 tỷ; Hồ Học Lãm, Phường An Lạc, Quận Bình Tân, TP. Hồ Chí Minh; 63 m²; --; --; --;1,
1.55 tỷ; Đường Nguyễn Tri Phương, Bửu Hòa, Biên Hòa, Đồng Nai; 64 m²; 8 m; 8 m; --;0,
2.6 tỷ; Đường 21 Lương Sơn, huyện Lương Sơn, Hòa Bình; 1,037 m²; --; --; --;0,
1.4 tỷ; Xã Sông Trầu, Huyện Trảng Bom, Đồng Nai; 1,355 m²; --; --; --;0,
550 triệu; Xã Đồng Sơn, Gò Công Tây, Tiền Giang; 146 m²; 30 m; 5 m; --;0,,
739 triệu; Xã Tân Phúc, Huyện Ân Thi, Hưng Yên; 80 m²; 16 m; 5 m; Đ.Nam;0,,
739 triệu; Xã Tân Phúc, Huyện Ân Thi, Hưng Yên; 78 m²; 15.6 m; 5 m; --;0,,
7.1 tỷ; Đường Phúc Lợi, Phường Phúc Lợi, Quận Long Biên, TP. Hà Nội; 140 m²; --; 7.3 m; --;0,
739 triệu; Xã Tân Phúc, Huyện Ân Thi, Hưng Yên; 76 m²; 15.2 m; 5 m; Bắc;0,,
5 tỷ; Đường Phạm Văn Sáng Xuân Thới Thượng, Hóc Môn, TPHCM; 95 m²; 19 m; 5 m; --;0,,
739 triệu; Xã Tân Phúc, Huyện Ân Thi, Hưng Yên; 75 m²; 15 m; 5 m; Đ.Bắc;0,,
700 triệu; Đường Số 1, Xã Long Hòa, Huyện Cần Đước, Long An; 82 m²; 4.07 m; 20.7 m; --;1,
3.3 tỷ; Phường Quyết Thắng, TP. Biên Hòa, Đồng Nai; 63.40 m²; 14 m; 5 m; Tây;1,,
